5265.81251 12.597 0.005
5266.79609 12.595 0.005
5267.78687 12.626 0.005
5268.82630 12.653 0.005
5269.77248 12.664 0.005
5270.76156 12.681 0.005
5271.84391 12.738 0.005
5272.75785 12.718 0.005
5273.81683 12.766 0.005
5274.78262 12.767 0.005
5275.82946 12.796 0.005
5276.76422 12.817 0.005
5276.89165 12.833 0.005
5277.80062 12.840 0.005
5278.77220 12.862 0.005
5279.77987 12.884 0.005
5280.86331 12.941 0.005
5281.76642 12.944 0.005
5281.90119 12.957 0.005
5282.77882 12.966 0.005
5283.72958 12.974 0.005
5284.88205 13.011 0.005
5285.72410 13.035 0.005
5285.73097 13.035 0.005
5286.73537 13.056 0.005
5287.74451 13.085 0.005
5288.72103 13.107 0.005
5292.78867 13.194 0.005
5293.79948 13.212 0.005
5294.74662 13.239 0.005
5294.78402 13.248 0.005
5294.82121 13.250 0.005
5294.85128 13.247 0.005
5294.89105 13.249 0.005
5295.74759 13.260 0.005
5295.78596 13.263 0.005
5295.82442 13.262 0.005
5295.86236 13.271 0.005
5295.90194 13.263 0.005
5296.79185 13.286 0.005
5296.82632 13.292 0.005
5296.86373 13.310 0.005
5296.90385 13.279 0.005
5297.78498 13.306 0.005
5297.82301 13.309 0.005
5297.86080 13.322 0.005
5297.89991 13.315 0.005
5298.78586 13.326 0.005
5298.82372 13.328 0.005
5298.86166 13.327 0.005
5298.90113 13.328 0.005
5300.84144 13.377 0.005
5300.88113 13.370 0.005
5300.91999 13.374 0.005
5301.77494 13.396 0.005
5301.81227 13.404 0.005
5301.84979 13.407 0.005
5301.89003 13.403 0.005
5304.73529 13.464 0.005
5304.77462 13.467 0.005
5306.70802 13.515 0.005
5306.77213 13.515 0.005
5306.83524 13.515 0.005
5306.87443 13.513 0.005
5306.91332 13.514 0.005
5307.69778 13.530 0.005
5307.76131 13.534 0.005
5307.82270 13.536 0.005
5307.86205 13.544 0.005
5307.90172 13.542 0.005
5308.68905 13.562 0.005
5308.75090 13.556 0.005
5308.81243 13.559 0.005
5308.85033 13.568 0.005
5309.68680 13.578 0.005
5309.75184 13.575 0.005
5309.82240 13.585 0.005
5309.86649 13.567 0.005
5309.90485 13.570 0.005
5310.66651 13.595 0.005
5310.73246 13.600 0.005
5310.78882 13.611 0.005
5310.86427 13.601 0.005
5310.90226 13.602 0.005
5311.78765 13.631 0.005
5311.84602 13.633 0.005
5311.89492 13.626 0.005
5312.70926 13.652 0.005
5312.75862 13.651 0.005
5312.80116 13.642 0.005
5312.84095 13.657 0.005
5312.88579 13.636 0.005
5312.92293 13.645 0.005
5313.79500 13.671 0.005
5313.83400 13.667 0.005
5313.87423 13.659 0.005
5313.91205 13.653 0.005
5314.68275 13.688 0.005
5314.72519 13.684 0.005
5314.76486 13.691 0.005
5314.80241 13.688 0.005
5314.86021 13.683 0.005
5314.89739 13.687 0.005
5315.65143 13.698 0.005
5315.70019 13.684 0.005
5315.74817 13.690 0.005
5315.78570 13.703 0.005
5315.82358 13.703 0.005
5315.86368 13.697 0.005
5315.90567 13.699 0.005
5316.69666 13.711 0.005
5316.74170 13.706 0.005
5316.78152 13.712 0.005
5316.82074 13.714 0.005
5316.87593 13.714 0.005
5320.65919 13.801 0.005
5320.69815 13.807 0.005
5320.74212 13.808 0.005
5320.77958 13.807 0.005
5320.81899 13.809 0.005
5320.86126 13.807 0.005
5320.89872 13.807 0.005
5321.65853 13.816 0.005
5321.72647 13.831 0.005
5321.76502 13.837 0.005
5321.80424 13.845 0.005
5321.84571 13.831 0.005
5321.88333 13.814 0.005
5321.92056 13.812 0.005
5323.67738 13.854 0.005
5323.74331 13.876 0.005
5323.78165 13.878 0.005
5323.82491 13.865 0.005
5323.86434 13.865 0.005
5323.90180 13.867 0.005
5323.93910 13.862 0.005
5324.70612 13.853 0.005
5324.74525 13.858 0.005
5324.78262 13.838 0.005
5324.82299 13.856 0.005
5324.86172 13.860 0.005
5324.89905 13.849 0.005
5325.64429 13.869 0.005
5325.69846 13.880 0.005
5325.73499 13.874 0.005
5325.77331 13.867 0.005
5325.81282 13.888 0.005
5325.86031 13.883 0.005
5325.89904 13.882 0.005
5325.93960 13.874 0.005
5326.67331 13.896 0.005
5326.73399 13.884 0.005
5326.77138 13.896 0.005
5326.81092 13.890 0.005
5326.84917 13.901 0.005
5326.88763 13.875 0.005
5326.92636 13.886 0.005
5327.68748 13.886 0.005
5327.75841 13.888 0.005
5327.79730 13.892 0.005
5327.83560 13.890 0.005
5327.87455 13.887 0.005
5327.91268 13.883 0.005
5328.60940 13.914 0.005
5328.68340 13.883 0.005
5328.75228 13.916 0.005
5328.79064 13.908 0.005
5328.83137 13.923 0.005
5328.86913 13.914 0.005
5328.90691 13.921 0.005
5329.70711 13.964 0.005
5334.62965 14.036 0.005
5334.69575 14.012 0.005
5334.77654 14.029 0.005
5334.83630 14.028 0.005
5334.87400 14.037 0.005
5334.91463 14.010 0.005
5335.71991 14.048 0.005
5335.75915 14.049 0.005
5335.79880 14.037 0.005
5335.83820 14.021 0.005
5335.87591 14.002 0.005
5335.91360 14.035 0.005
5336.79303 14.037 0.005
5336.85744 14.031 0.005
5336.92243 14.027 0.005
5337.76900 14.051 0.005
5337.80890 14.046 0.005
5337.84728 14.048 0.005
5337.88522 14.054 0.005
5337.92367 14.063 0.005
5338.76654 14.053 0.005
5338.80575 14.017 0.005
5338.84704 14.020 0.005
5339.64214 14.067 0.005
5339.68196 14.046 0.005
5339.74836 14.043 0.005
5339.81362 14.046 0.005
5339.87925 14.050 0.005
5339.91917 14.049 0.005
5340.62811 14.078 0.005
5340.66579 14.074 0.005
5340.75234 14.071 0.005
5340.81005 14.053 0.005
5340.84807 14.066 0.005
5340.88654 14.065 0.005
5340.92415 14.070 0.005
5341.59832 14.078 0.005
5341.67149 14.081 0.005
5341.74287 14.064 0.005
5341.81744 14.052 0.005
5341.85564 14.051 0.005
5341.89338 14.055 0.005
5341.93357 14.068 0.005
5342.60766 14.066 0.005
5342.64514 14.067 0.005
5342.68276 14.075 0.005
5342.72027 14.057 0.005
5342.76133 14.093 0.005
5342.80325 14.073 0.005
5342.84099 14.059 0.005
5342.87886 14.065 0.005
5342.91671 14.056 0.005
5343.58840 14.091 0.005
5343.62601 14.074 0.005
5343.66369 14.064 0.005
5343.70143 14.054 0.005
5343.73943 14.092 0.005
5343.77984 14.094 0.005
5343.81892 14.077 0.005
5343.85702 14.057 0.005
5343.86975 14.068 0.005
5343.90785 14.079 0.005
5348.60385 14.060 0.005
5348.67332 14.059 0.005
5348.76604 14.065 0.005
5348.80431 14.062 0.005
5348.84220 14.049 0.005
5348.88672 14.047 0.005
5348.92636 14.050 0.005
5349.60280 14.028 0.005
5349.68458 14.063 0.005
5349.77939 14.062 0.005
5349.81740 14.071 0.005
5349.85661 14.072 0.005
5350.65501 14.040 0.005
5350.69256 14.025 0.005
5350.73127 14.061 0.005
5351.59336 14.059 0.005
5351.65050 14.040 0.005
5351.72964 14.056 0.005
5351.81565 14.031 0.005
5351.88988 14.038 0.005
5352.60457 13.985 0.005
5352.65291 13.992 0.005
5352.74657 14.000 0.005
5352.81599 13.994 0.005
5352.83087 13.989 0.005
5352.88622 13.990 0.005
5352.92384 13.992 0.005
5353.63610 13.992 0.005
5353.71286 14.012 0.005
5353.78104 13.989 0.005
5353.81874 13.998 0.005
5353.86352 13.971 0.005
5354.57684 13.946 0.005
5354.65862 13.974 0.005
5354.75393 13.979 0.005
5354.83017 13.956 0.005
5354.87051 13.966 0.005
5354.90909 13.981 0.005
5355.59969 13.989 0.005
5355.68424 13.989 0.005
5355.77130 13.986 0.005
5355.82404 13.966 0.005
5355.87259 13.976 0.005
5357.61272 13.958 0.005
5357.68183 13.947 0.005
5357.77227 13.941 0.005
5357.87253 13.922 0.005
5358.65069 13.937 0.005
5358.74524 13.909 0.005
5358.85541 13.914 0.005
5359.57813 13.919 0.005
5359.62235 13.906 0.005
5359.67552 13.891 0.005
5359.72347 13.902 0.005
5359.77289 13.887 0.005
5359.81301 13.885 0.005
5359.85869 13.894 0.005
5359.89795 13.900 0.005
5361.67055 13.852 0.005
5362.58518 13.846 0.005
5362.66595 13.849 0.005
5362.76045 13.846 0.005
5362.88043 13.811 0.005
5364.52304 13.796 0.005
5364.56802 13.774 0.005
5364.63942 13.785 0.005
5364.73525 13.774 0.005
5364.79226 13.755 0.005
5364.83164 13.764 0.005
5364.87163 13.762 0.005
5365.54087 13.759 0.005
5365.58529 13.760 0.005
5365.65977 13.737 0.005
5365.75562 13.753 0.005
5365.83031 13.734 0.005
5365.86896 13.731 0.005
5368.61480 13.643 0.005
5368.79293 13.631 0.005
5369.74034 13.590 0.005
5369.78516 13.578 0.005
5369.82442 13.587 0.005
5376.63062 13.319 0.005
5376.67023 13.309 0.005
5376.71048 13.313 0.005
5376.74874 13.306 0.005
5376.78701 13.308 0.005
5376.82520 13.307 0.005
5376.86316 13.308 0.005
5377.51919 13.280 0.005
5377.56121 13.279 0.005
5377.60253 13.272 0.005
5377.64892 13.285 0.005
5377.66934 13.275 0.005
5377.71456 13.277 0.005
5377.75764 13.279 0.005
5377.80034 13.268 0.005
5377.83855 13.269 0.005
5378.49282 13.241 0.005
5378.56315 13.239 0.005
5378.64782 13.239 0.005
5378.72418 13.239 0.005
5378.76246 13.237 0.005
5378.80100 13.229 0.005
5378.84087 13.229 0.005
5378.87858 13.224 0.005
5379.51759 13.200 0.005
5379.59958 13.204 0.005
5379.68612 13.197 0.005
5379.75536 13.193 0.005
5379.79298 13.192 0.005
5379.83076 13.192 0.005
5379.87183 13.188 0.005
5380.52908 13.165 0.005
5380.58206 13.169 0.005
5380.66844 13.164 0.005
5380.72484 13.164 0.005
5380.76309 13.154 0.005
5380.80096 13.151 0.005
5380.83886 13.144 0.005
5381.53860 13.123 0.005
5381.57614 13.120 0.005
5381.61629 13.118 0.005
5381.67572 13.117 0.005
5381.71401 13.114 0.005
5381.75216 13.109 0.005
5381.79907 13.110 0.005
5381.83720 13.106 0.005
5382.52737 13.089 0.005
5382.56493 13.085 0.005
5382.61437 13.085 0.005
5382.65295 13.081 0.005
5382.69407 13.085 0.005
5382.73389 13.078 0.005
5382.77170 13.072 0.005
5382.82244 13.073 0.005
5383.77803 13.038 0.005
5384.80155 13.006 0.005
5385.47211 12.991 0.005
5385.51133 12.989 0.005
5385.52508 13.001 0.005
5385.62458 12.995 0.005
5385.72691 12.998 0.005
5385.81184 12.973 0.005
5385.84940 12.964 0.005
5386.60899 12.948 0.005
5386.74484 12.946 0.005
5386.78315 12.942 0.005
5386.82614 12.930 0.005
5387.50533 12.933 0.005
5387.61434 12.941 0.005
5387.64965 12.940 0.005
5387.68860 12.921 0.005
5387.72720 12.924 0.005
5387.76799 12.908 0.005
5387.80918 12.900 0.005
5388.46914 12.874 0.005
5388.50676 12.878 0.005
5388.56664 12.878 0.005
5388.67908 12.878 0.005
5388.76573 12.870 0.005
5388.80902 12.866 0.005
5389.46717 12.845 0.005
5389.50607 12.848 0.005
5389.54455 12.848 0.005
5389.65186 12.845 0.005
5389.75702 12.840 0.005
5389.79629 12.840 0.005
5389.83585 12.834 0.005
5390.53932 12.812 0.005
5390.58504 12.808 0.005
5390.67075 12.806 0.005
5390.72045 12.810 0.005
5390.75870 12.810 0.005
5390.79652 12.807 0.005
5391.47145 12.785 0.005
5391.53056 12.785 0.005
5391.56790 12.782 0.005
5391.65144 12.786 0.005
5391.75856 12.784 0.005
5391.82019 12.776 0.005
5392.46759 12.752 0.005
5392.50542 12.752 0.005
5392.54442 12.755 0.005
5392.62834 12.762 0.005
5392.73796 12.764 0.005
5392.79768 12.753 0.005
5392.83520 12.744 0.005
5393.65227 12.725 0.005
5393.69069 12.725 0.005
5393.72862 12.722 0.005
5393.77412 12.721 0.005
5393.81199 12.713 0.005
5395.80949 12.670 0.005
5396.52650 12.662 0.005
5396.60076 12.665 0.005
5396.66389 12.662 0.005
5396.77094 12.667 0.005
5396.80908 12.650 0.005
5397.61959 12.644 0.005
5397.66426 12.641 0.005
5397.70206 12.639 0.005
5402.64042 12.550 0.005
5402.65695 12.554 0.005
5403.49325 12.561 0.005
5403.53041 12.569 0.005
5403.56793 12.565 0.005
5403.60841 12.557 0.005
5403.64776 12.554 0.005
5403.68583 12.552 0.005
5403.72679 12.549 0.005
5403.76458 12.528 0.005
5404.46850 12.533 0.005
5404.50641 12.539 0.005
5404.54421 12.542 0.005
5404.58202 12.536 0.005
5404.62520 12.540 0.005
5404.66462 12.529 0.005
5404.70355 12.533 0.005
5404.74304 12.528 0.005
5404.78684 12.512 0.005
5405.64154 12.515 0.005
5405.68137 12.515 0.005
5405.71923 12.518 0.005
5405.75680 12.511 0.005
5405.79438 12.506 0.005
5407.49599 12.494 0.005
5407.53401 12.498 0.005
5407.57230 12.503 0.005
5407.61295 12.490 0.005
5407.65116 12.496 0.005
5407.69019 12.491 0.005
5407.72824 12.488 0.005
5407.76621 12.490 0.005
5408.52023 12.483 0.005
5408.56752 12.482 0.005
5408.60754 12.483 0.005
5408.64587 12.478 0.005
5408.68460 12.476 0.005
5408.72250 12.471 0.005
5408.76023 12.467 0.005
5409.47027 12.465 0.005
5409.50804 12.472 0.005
5409.59476 12.480 0.005
5409.70129 12.470 0.005
5409.76243 12.469 0.005
5410.47113 12.461 0.005
5410.51278 12.468 0.005
5410.59790 12.472 0.005
5410.70473 12.462 0.005
5410.76668 12.456 0.005
5411.48896 12.466 0.005
5411.52687 12.461 0.005
5411.63373 12.463 0.005
5411.74160 12.439 0.005
5412.51134 12.429 0.005
5412.55080 12.438 0.005
5412.59102 12.437 0.005
5412.62943 12.435 0.005
5412.67271 12.437 0.005
5412.73356 12.424 0.005
5413.49242 12.428 0.005
5413.55313 12.435 0.005
5413.66017 12.447 0.005
5413.74462 12.412 0.005
5414.47284 12.428 0.005
5414.51059 12.429 0.005
5414.59583 12.424 0.005
5414.70747 12.417 0.005
5416.63038 12.379 0.005
5416.68548 12.376 0.005
5418.54755 12.351 0.005
5418.59763 12.347 0.005
5418.64776 12.342 0.005
5418.69717 12.335 0.005
5421.50575 12.259 0.005
5421.54891 12.275 0.005
5421.56546 12.277 0.005
5421.61019 12.265 0.005
5421.65313 12.258 0.005
5421.69555 12.254 0.005
5422.48974 12.230 0.005
5422.53047 12.236 0.005
5422.62900 12.245 0.005
5422.75679 12.223 0.005
5423.51306 12.218 0.005
5423.58468 12.213 0.005
5423.69254 12.192 0.005
5425.52139 12.152 0.005
5426.48807 12.115 0.005
5426.52750 12.119 0.005
5430.47474 11.976 0.005
5430.51350 11.984 0.005
5430.55959 11.982 0.005
5430.59763 11.978 0.005
5430.63666 11.982 0.005
5431.47565 11.945 0.005
5431.51438 11.938 0.005
5431.55467 11.940 0.005
5431.59242 11.937 0.005
5431.63389 11.924 0.005
5431.67305 11.922 0.005
5432.54548 11.916 0.005
5432.65104 11.904 0.005
5433.62940 11.887 0.005
5433.67492 11.886 0.005
5434.50557 11.886 0.005
5434.55086 11.880 0.005
5434.58930 11.887 0.005
5434.63652 11.885 0.005
5434.67895 11.884 0.005
5435.47787 11.871 0.005
5435.51785 11.874 0.005
5435.56298 11.871 0.005
5435.63384 11.865 0.005
5435.68206 11.863 0.005
5436.47574 11.846 0.005
5436.54285 11.845 0.005
5436.66003 11.848 0.005
5437.49841 11.834 0.005
5437.62199 11.817 0.005
5438.51090 11.839 0.005
5438.57316 11.819 0.005
5438.65099 11.824 0.005
5438.68862 11.814 0.005
5439.52063 11.814 0.005
5439.56693 11.817 0.005
5439.60440 11.815 0.005
5439.64256 11.812 0.005
5443.49609 11.763 0.005
5443.53503 11.763 0.005
5443.58089 11.771 0.005
5443.61870 11.766 0.005
5443.66110 11.766 0.005
5444.48441 11.771 0.005
5444.53449 11.765 0.005
5444.59109 11.768 0.005
5444.63315 11.774 0.005
5444.67127 11.755 0.005
5445.53703 11.754 0.005
5445.64092 11.758 0.005
5445.68006 11.750 0.005
5446.51547 11.769 0.005
5446.56125 11.771 0.005
5446.60107 11.774 0.005
5446.64029 11.775 0.005
5447.48776 11.734 0.005
5447.53100 11.744 0.005
5447.57026 11.749 0.005
5447.63569 11.741 0.005
5448.50832 11.756 0.005
5448.54703 11.761 0.005
5448.56181 11.765 0.005
5448.66308 11.742 0.005
5449.50309 11.757 0.005
5449.61735 11.747 0.005
5450.50599 11.755 0.005
5450.54362 11.759 0.005
5450.58690 11.762 0.005
5450.63182 11.748 0.005
5451.63095 11.751 0.005
5453.47568 11.746 0.005
5453.54121 11.753 0.005
5453.65853 11.748 0.005
5457.47452 11.677 0.005
5457.54227 11.749 0.005
5457.59897 11.784 0.005
5458.47602 11.762 0.005
5458.52487 11.766 0.005
5458.58336 11.762 0.005
5459.49169 11.769 0.005
5459.54618 11.773 0.005
5459.59036 11.763 0.005
5460.48165 11.773 0.005
5462.47773 11.778 0.005
5462.53116 11.779 0.005
5462.62159 11.776 0.005
5463.50192 11.773 0.005
5463.54398 11.781 0.005
5464.49217 11.786 0.005
5464.53397 11.780 0.005
5465.50788 11.785 0.005
5467.48107 11.807 0.005
5468.55061 11.810 0.005
5469.60543 11.806 0.005
5471.51534 11.838 0.005
5471.58377 11.833 0.005
5472.54340 11.838 0.005
5472.54945 11.835 0.005
5473.49911 11.848 0.005
5476.49032 11.868 0.005
5477.53733 11.893 0.005
5479.50653 11.910 0.005
5480.48841 11.916 0.005
5480.55745 11.908 0.005
5481.52814 11.926 0.005
5483.51688 11.947 0.005
5486.49655 12.016 0.005
5487.54293 12.016 0.005
5488.53012 12.042 0.005
5489.51650 12.070 0.005
5490.51665 12.095 0.005
5492.50211 12.123 0.005
5494.52675 12.166 0.005
5595.86387 13.588 0.005
5596.85861 13.569 0.005
5597.85811 13.551 0.005
5598.85338 13.539 0.005
5599.85414 13.505 0.005
5600.85062 13.485 0.005
5601.88615 13.462 0.005
5602.85867 13.439 0.005
5604.86694 13.393 0.005
5605.86501 13.366 0.005
5606.86274 13.338 0.005
5607.86594 13.310 0.005
5608.85911 13.280 0.005
5610.88722 13.213 0.005
5612.86163 13.149 0.005
5614.84706 13.099 0.005
5615.85538 13.057 0.005
5616.84754 13.035 0.005
5620.81205 12.933 0.005
5621.83898 12.913 0.005
5622.87358 12.888 0.005
5624.83191 12.854 0.005
5625.81114 12.817 0.005
5626.80149 12.802 0.005
5627.83542 12.790 0.005
5628.84616 12.772 0.005
5629.81434 12.757 0.005
5630.79175 12.736 0.005
5631.79753 12.729 0.005
5632.82678 12.714 0.005
5633.78248 12.698 0.005
5634.83889 12.686 0.005
5635.84628 12.675 0.005
5637.79983 12.641 0.005
5638.78624 12.624 0.005
5639.78180 12.613 0.005
5639.85754 12.621 0.005
5640.78645 12.590 0.005
5640.82477 12.595 0.005
5640.87244 12.597 0.005
5640.91334 12.594 0.005
5641.77926 12.569 0.005
5641.82164 12.575 0.005
5641.85984 12.574 0.005
5641.90448 12.573 0.005
5642.78157 12.558 0.005
5642.84059 12.555 0.005
5642.90047 12.553 0.005
5643.75611 12.537 0.005
5643.79430 12.539 0.005
5643.85416 12.562 0.005
5643.89501 12.551 0.005
5644.76004 12.507 0.005
5644.81347 12.520 0.005
5644.87124 12.530 0.005
5647.76726 12.459 0.005
5647.85069 12.465 0.005
5647.86732 12.459 0.005
5647.88331 12.457 0.005
5647.90114 12.455 0.005
5648.74585 12.434 0.005
5648.80837 12.445 0.005
5648.85239 12.453 0.005
5648.89561 12.433 0.005
5649.75165 12.413 0.005
5649.79083 12.425 0.005
5649.85827 12.424 0.005
5649.89678 12.415 0.005
5650.74200 12.388 0.005
5650.78271 12.408 0.005
5650.84507 12.403 0.005
5650.88925 12.388 0.005
5651.76436 12.380 0.005
5651.80703 12.384 0.005
5651.87765 12.379 0.005
5652.74445 12.351 0.005
5652.80589 12.368 0.005
5652.84819 12.363 0.005
5653.77283 12.345 0.005
5653.90196 12.342 0.005
5654.77425 12.300 0.005
5654.82449 12.296 0.005
5654.86604 12.297 0.005
5654.91906 12.291 0.005
5655.76581 12.276 0.005
5655.80383 12.284 0.005
5655.84200 12.284 0.005
5655.88898 12.243 0.005
5656.78386 12.248 0.005
5656.82747 12.258 0.005
5656.87183 12.246 0.005
5657.77515 12.229 0.005
5657.81386 12.227 0.005
5657.85926 12.215 0.005
5657.90390 12.191 0.005
5658.76894 12.170 0.005
5658.81018 12.156 0.005
5658.86713 12.164 0.005
5658.90861 12.163 0.005
5659.72394 12.129 0.005
5659.76148 12.134 0.005
5659.80080 12.129 0.005
5659.83975 12.114 0.005
5659.88880 12.131 0.005
5659.93069 12.131 0.005
5660.76227 12.072 0.005
5660.80271 12.082 0.005
5660.85908 12.076 0.005
5660.91748 12.076 0.005
5662.75358 11.987 0.005
5662.79385 12.005 0.005
5662.85394 11.999 0.005
5662.89521 11.992 0.005
5663.75182 11.943 0.005
5664.75775 11.901 0.005
5664.80027 11.909 0.005
5664.86002 11.895 0.005
5664.90390 11.905 0.005
5665.72117 11.853 0.005
5665.76650 11.852 0.005
5665.83686 11.854 0.005
5665.88370 11.854 0.005
5665.92389 11.833 0.005
5667.76059 11.766 0.005
5667.81253 11.770 0.005
5667.85477 11.775 0.005
5667.90820 11.765 0.005
5668.73812 11.748 0.005
5668.81464 11.732 0.005
5668.87369 11.723 0.005
5668.91386 11.724 0.005
5669.76206 11.690 0.005
5669.80198 11.707 0.005
5669.85225 11.690 0.005
5669.90366 11.711 0.005
5670.73765 11.667 0.005
5670.77657 11.659 0.005
5670.84037 11.672 0.005
5670.88280 11.646 0.005
5670.92280 11.648 0.005
5671.75976 11.622 0.005
5675.72188 11.527 0.005
5675.76032 11.559 0.005
5675.79880 11.572 0.005
5675.85706 11.567 0.005
5675.91195 11.572 0.005
5676.68657 11.546 0.005
5676.72555 11.555 0.005
5676.76501 11.542 0.005
5676.80437 11.523 0.005
5676.86463 11.540 0.005
5676.91466 11.530 0.005
5677.71950 11.543 0.005
5677.76161 11.513 0.005
5677.80386 11.550 0.005
5677.86522 11.523 0.005
5677.90673 11.491 0.005
5679.68411 11.531 0.005
5679.72572 11.522 0.005
5679.77755 11.536 0.005
5679.81880 11.536 0.005
5679.87067 11.519 0.005
5679.90912 11.530 0.005
5680.67168 11.529 0.005
5680.71025 11.536 0.005
5680.74954 11.527 0.005
5680.79943 11.518 0.005
5680.85396 11.512 0.005
5680.89592 11.523 0.005
5681.66254 11.523 0.005
5681.70087 11.512 0.005
5681.73967 11.490 0.005
5681.79096 11.517 0.005
5681.84482 11.513 0.005
5681.88708 11.517 0.005
5681.92654 11.509 0.005
5682.68940 11.510 0.005
5682.73077 11.507 0.005
5682.77937 11.498 0.005
5682.83213 11.509 0.005
5682.85779 11.495 0.005
5682.86796 11.478 0.005
5682.91034 11.536 0.005
5683.66024 11.520 0.005
5683.71174 11.492 0.005
5683.79104 11.474 0.005
5683.83174 11.460 0.005
5683.89152 11.495 0.005
5683.93299 11.518 0.005
5684.69402 11.528 0.005
5684.74431 11.490 0.005
5684.79428 11.521 0.005
5684.86489 11.532 0.005
5684.90541 11.520 0.005
5685.65687 11.519 0.005
5685.78096 11.467 0.005
5685.81988 11.408 0.005
5685.87471 11.468 0.005
5685.91691 11.526 0.005
5686.67083 11.527 0.005
5686.73022 11.516 0.005
5686.78638 11.422 0.005
5686.83481 11.538 0.005
5686.87694 11.535 0.005
5686.91592 11.537 0.005
5687.67092 11.528 0.005
5687.71572 11.509 0.005
5687.76656 11.517 0.005
5687.81857 11.533 0.005
5688.83062 11.539 0.005
5688.88404 11.529 0.005
5689.67419 11.535 0.005
5689.73880 11.532 0.005
5689.78722 11.473 0.005
5689.82766 11.523 0.005
5690.65488 11.543 0.005
5690.70503 11.540 0.005
5690.76653 11.550 0.005
5690.80744 11.558 0.005
5690.86831 11.528 0.005
5691.61978 11.559 0.005
5691.68702 11.539 0.005
5691.74505 11.528 0.005
5691.78928 11.558 0.005
5691.83863 11.568 0.005
5691.87739 11.560 0.005
5692.61098 11.555 0.005
5692.68205 11.554 0.005
5692.74136 11.563 0.005
5692.77911 11.559 0.005
5692.81964 11.566 0.005
5692.85768 11.555 0.005
5692.89605 11.558 0.005
5692.93585 11.561 0.005
5693.64649 11.564 0.005
5693.70597 11.540 0.005
5693.76515 11.488 0.005
5693.80298 11.519 0.005
5693.84167 11.503 0.005
5693.87957 11.563 0.005
5693.92143 11.576 0.005
5694.62410 11.572 0.005
5694.65856 11.568 0.005
5694.71128 11.581 0.005
5694.76569 11.569 0.005
5694.81179 11.567 0.005
5694.84972 11.589 0.005
5694.88731 11.585 0.005
5694.92475 11.595 0.005
5695.60975 11.588 0.005
5695.62840 11.580 0.005
5695.68109 11.596 0.005
5695.76263 11.602 0.005
5695.81265 11.497 0.005
5695.85156 11.557 0.005
5695.88934 11.595 0.005
5695.92693 11.598 0.005
5696.61735 11.618 0.005
5696.65850 11.604 0.005
5696.71531 11.591 0.005
5696.75467 11.605 0.005
5696.79649 11.593 0.005
5696.83949 11.602 0.005
5696.88137 11.621 0.005
5696.93737 11.607 0.005
5697.62665 11.611 0.005
5697.67405 11.577 0.005
5697.72165 11.613 0.005
5697.76057 11.607 0.005
5697.80398 11.581 0.005
5697.84160 11.569 0.005
5697.88625 11.620 0.005
5697.92700 11.635 0.005
5698.61933 11.617 0.005
5698.66709 11.611 0.005
5698.70750 11.625 0.005
5698.74741 11.633 0.005
5698.78595 11.616 0.005
5698.82861 11.627 0.005
5698.86646 11.628 0.005
5698.90800 11.617 0.005
5702.59562 11.667 0.005
5702.61894 11.659 0.005
5702.65543 11.665 0.005
5702.68890 11.672 0.005
5702.74392 11.679 0.005
5702.77487 11.678 0.005
5702.87216 11.662 0.005
5702.90897 11.656 0.005
5703.73145 11.678 0.005
5703.78134 11.681 0.005
5703.84851 11.690 0.005
5705.72497 11.716 0.005
5705.76732 11.704 0.005
5705.82064 11.705 0.005
5705.87231 11.708 0.005
5705.91782 11.706 0.005
5706.65863 11.721 0.005
5706.75515 11.712 0.005
5706.80720 11.726 0.005
5706.87276 11.727 0.005
5707.60326 11.727 0.005
5707.65054 11.723 0.005
5707.69778 11.731 0.005
5707.73595 11.736 0.005
5707.77630 11.724 0.005
5707.81597 11.726 0.005
5707.85512 11.745 0.005
5707.89713 11.744 0.005
5708.56912 11.755 0.005
5708.62149 11.744 0.005
5708.67784 11.751 0.005
5708.72711 11.749 0.005
5708.76786 11.745 0.005
5708.81677 11.755 0.005
5708.86208 11.742 0.005
5708.91469 11.738 0.005
5709.59615 11.736 0.005
5709.65123 11.734 0.005
5709.83273 11.743 0.005
5711.78176 11.765 0.005
5712.61228 11.804 0.005
5712.69596 11.803 0.005
5712.73570 11.779 0.005
5712.77833 11.803 0.005
5712.81813 11.812 0.005
5712.86093 11.796 0.005
5713.74255 11.809 0.005
5713.83250 11.809 0.005
5713.87300 11.793 0.005
5714.62880 11.819 0.005
5714.64247 11.823 0.005
5714.85716 11.819 0.005
5715.57520 11.838 0.005
5715.59207 11.849 0.005
5715.63279 11.847 0.005
5715.68563 11.850 0.005
5715.73211 11.849 0.005
5715.77802 11.852 0.005
5715.82191 11.854 0.005
5715.86164 11.844 0.005
5715.91814 11.833 0.005
5716.65264 11.867 0.005
5716.71705 11.870 0.005
5716.75727 11.864 0.005
5716.80101 11.872 0.005
5716.83994 11.869 0.005
5716.88041 11.859 0.005
5721.56127 11.966 0.005
5721.57523 11.964 0.005
5721.65075 11.939 0.005
5721.72749 11.941 0.005
5721.74193 11.948 0.005
5721.79260 11.938 0.005
5721.83169 11.942 0.005
5721.88363 11.937 0.005
5722.55866 11.978 0.005
5722.57200 11.975 0.005
5722.63147 11.984 0.005
5722.68634 11.986 0.005
5722.72799 11.984 0.005
5722.74210 11.979 0.005
5722.79129 11.977 0.005
5722.83277 11.976 0.005
5723.57298 12.007 0.005
5723.62116 12.000 0.005
5723.66876 12.000 0.005
5723.71010 11.997 0.005
5723.75080 11.999 0.005
5723.78922 11.995 0.005
5723.82836 11.987 0.005
5723.86780 11.966 0.005
5724.57217 12.016 0.005
5724.64917 12.010 0.005
5724.70131 12.006 0.005
5724.75123 12.019 0.005
5724.80170 12.000 0.005
5725.54227 12.024 0.005
5725.61839 12.019 0.005
5725.68494 12.038 0.005
5725.72560 12.021 0.005
5725.76479 12.033 0.005
5725.81110 12.019 0.005
5726.56622 12.044 0.005
5726.61330 12.058 0.005
5726.65115 12.051 0.005
5726.69895 12.047 0.005
5726.74023 12.052 0.005
5726.78572 12.039 0.005
5734.59342 12.235 0.005
5734.67496 12.237 0.005
5734.72014 12.235 0.005
5734.76591 12.236 0.005
5734.80935 12.231 0.005
5734.85969 12.231 0.005
5735.64751 12.255 0.005
5735.69300 12.255 0.005
5735.75532 12.272 0.005
5735.80422 12.267 0.005
5735.85100 12.267 0.005
5736.50826 12.282 0.005
5736.55126 12.285 0.005
5736.58923 12.305 0.005
5736.63354 12.307 0.005
5736.67356 12.296 0.005
5736.72654 12.310 0.005
5736.74329 12.306 0.005
5736.79968 12.306 0.005
5736.84678 12.300 0.005
5736.89355 12.290 0.005
5737.53446 12.323 0.005
5737.57444 12.335 0.005
5737.62714 12.351 0.005
5737.66947 12.347 0.005
5737.72399 12.339 0.005
5737.76340 12.335 0.005
5737.80411 12.336 0.005
5737.84969 12.326 0.005
5737.89035 12.314 0.005
5738.60270 12.363 0.005
5738.65582 12.372 0.005
5738.71026 12.362 0.005
5738.74978 12.370 0.005
5739.54088 12.382 0.005
5739.57909 12.386 0.005
5739.61968 12.390 0.005
5739.68684 12.387 0.005
5739.72635 12.394 0.005
5739.76529 12.390 0.005
5739.80777 12.376 0.005
5739.86116 12.388 0.005
5740.51502 12.421 0.005
5740.55971 12.419 0.005
5740.62142 12.427 0.005
5740.66332 12.424 0.005
5740.72404 12.429 0.005
5740.76383 12.439 0.005
5740.80847 12.423 0.005
5740.84670 12.417 0.005
5741.49542 12.451 0.005
5741.53364 12.462 0.005
5741.57896 12.469 0.005
5741.61676 12.459 0.005
5741.65482 12.461 0.005
5741.71602 12.461 0.005
5741.75756 12.467 0.005
5741.79598 12.467 0.005
5741.83399 12.463 0.005
5741.87217 12.461 0.005
5742.50583 12.495 0.005
5742.54879 12.492 0.005
5742.58992 12.492 0.005
5742.63846 12.499 0.005
5742.69027 12.497 0.005
5742.72926 12.500 0.005
5742.76727 12.509 0.005
5742.80559 12.510 0.005
5742.84579 12.499 0.005
5743.60081 12.530 0.005
5743.63954 12.534 0.005
5743.68048 12.534 0.005
5743.74025 12.526 0.005
5743.77845 12.528 0.005
5743.81649 12.528 0.005
5743.85421 12.528 0.005
5744.49807 12.562 0.005
5744.53614 12.567 0.005
5744.57462 12.562 0.005
5744.61279 12.560 0.005
5744.67365 12.566 0.005
5744.74558 12.560 0.005
5744.79165 12.569 0.005
5744.83798 12.559 0.005
5745.52567 12.592 0.005
5745.57241 12.595 0.005
5745.61263 12.594 0.005
5745.66209 12.599 0.005
5745.71173 12.600 0.005
5745.74971 12.601 0.005
5745.78778 12.593 0.005
5745.87616 12.600 0.005
5746.58455 12.637 0.005
5746.62222 12.634 0.005
5746.67788 12.631 0.005
5746.72873 12.633 0.005
5746.76645 12.634 0.005
5746.80880 12.632 0.005
5747.58418 12.682 0.005
5747.62754 12.676 0.005
5747.67387 12.674 0.005
5747.71686 12.674 0.005
5747.76095 12.679 0.005
5748.60470 12.713 0.005
5748.65484 12.716 0.005
5749.50016 12.743 0.005
5749.53798 12.746 0.005
5749.57586 12.746 0.005
5749.61537 12.752 0.005
5749.66542 12.749 0.005
5749.70456 12.748 0.005
5749.74279 12.746 0.005
5749.78129 12.749 0.005
5752.54445 12.857 0.005
5752.58230 12.857 0.005
5752.63564 12.863 0.005
5752.68273 12.863 0.005
5752.73338 12.872 0.005
5752.77328 12.868 0.005
5759.80701 13.111 0.005
5760.45851 13.127 0.005
5760.46500 13.127 0.005
5760.50293 13.124 0.005
5760.55928 13.125 0.005
5760.59739 13.114 0.005
5760.65368 13.125 0.005
5760.69961 13.126 0.005
5760.74844 13.128 0.005
5760.78643 13.130 0.005
5760.82406 13.130 0.005
5762.48360 13.183 0.005
5762.52423 13.183 0.005
5762.56241 13.184 0.005
5762.60424 13.188 0.005
5762.64321 13.186 0.005
5762.71876 13.185 0.005
5763.47451 13.224 0.005
5763.51716 13.225 0.005
5763.55885 13.226 0.005
5763.61291 13.225 0.005
5763.66104 13.228 0.005
5763.70144 13.229 0.005
5763.74641 13.234 0.005
5763.78440 13.233 0.005
5764.47895 13.247 0.005
5764.52302 13.247 0.005
5764.56273 13.247 0.005
5764.60508 13.248 0.005
5764.65307 13.245 0.005
5764.70121 13.247 0.005
5764.74730 13.248 0.005
5765.48159 13.276 0.005
5765.52438 13.279 0.005
5765.57634 13.281 0.005
5765.63203 13.276 0.005
5765.67545 13.284 0.005
5765.72043 13.280 0.005
5765.76367 13.281 0.005
5766.49399 13.306 0.005
5766.53357 13.304 0.005
5766.59782 13.308 0.005
5766.63726 13.304 0.005
5766.67806 13.306 0.005
5766.72272 13.297 0.005
5767.47112 13.329 0.005
5767.51494 13.331 0.005
5767.55806 13.330 0.005
5767.60217 13.337 0.005
5767.66998 13.338 0.005
5767.72379 13.334 0.005
5767.76586 13.326 0.005
5767.80699 13.333 0.005
5768.50048 13.363 0.005
5768.55175 13.367 0.005
5768.60242 13.363 0.005
5768.64948 13.361 0.005
5768.69724 13.361 0.005
5768.73975 13.363 0.005
5768.78007 13.364 0.005
5769.48527 13.377 0.005
5769.52741 13.386 0.005
5769.58023 13.388 0.005
5769.63597 13.391 0.005
5769.69268 13.386 0.005
5769.78523 13.389 0.005
5770.72504 13.418 0.005
5770.76651 13.416 0.005
5775.60765 13.531 0.005
5776.62101 13.547 0.005
5776.68684 13.558 0.005
5776.73620 13.546 0.005
5777.49243 13.588 0.005
5777.54252 13.586 0.005
5777.58902 13.600 0.005
5777.66923 13.587 0.005
5777.71981 13.591 0.005
5778.47586 13.591 0.005
5778.52744 13.589 0.005
5778.57389 13.601 0.005
5778.62205 13.603 0.005
5779.61145 13.643 0.005
5779.65775 13.639 0.005
5779.71026 13.640 0.005
5784.49663 13.731 0.005
5784.54545 13.706 0.005
5784.60831 13.720 0.005
5784.70108 13.732 0.005
5785.47384 13.734 0.005
5785.53779 13.722 0.005
5785.59027 13.728 0.005
5785.63943 13.728 0.005
5785.68041 13.744 0.005
5785.72222 13.747 0.005
5786.52115 13.748 0.005
5786.58342 13.763 0.005
5786.62754 13.758 0.005
5786.67016 13.763 0.005
5786.72712 13.781 0.005
5787.48927 13.818 0.005
5787.56055 13.798 0.005
5787.60469 13.786 0.005
5787.64732 13.795 0.005
5787.68865 13.803 0.005
5788.50409 13.811 0.005
5788.56840 13.818 0.005
5788.60706 13.800 0.005
5788.64884 13.806 0.005
5788.68975 13.775 0.005
5790.48568 13.859 0.005
5790.53477 13.858 0.005
5790.58746 13.864 0.005
5790.62668 13.856 0.005
5790.66760 13.852 0.005
5790.70789 13.845 0.005
5791.47404 13.846 0.005
5791.52413 13.836 0.005
5793.47420 13.881 0.005
5793.53895 13.889 0.005
5793.58153 13.901 0.005
5793.62235 13.898 0.005
5793.66104 13.884 0.005
5793.70241 13.885 0.005
5794.47622 13.883 0.005
5794.53603 13.877 0.005
5794.58856 13.901 0.005
5794.62721 13.889 0.005
5794.67479 13.887 0.005
5795.52598 13.871 0.005
5795.58403 13.867 0.005
5795.64035 13.874 0.005
5796.50022 13.935 0.005
5796.56565 13.940 0.005
5796.60899 13.921 0.005
5796.64906 13.912 0.005
5796.69215 13.888 0.005
5798.67346 13.928 0.005
5801.47952 13.966 0.005
5801.54418 13.976 0.005
5801.58314 13.963 0.005
5801.62126 13.955 0.005
5801.66262 13.941 0.005
5802.52018 13.959 0.005
5802.57704 13.955 0.005
5803.50785 13.961 0.005
5803.58913 13.968 0.005
5804.50439 13.972 0.005
5804.55544 13.969 0.005
5804.59590 13.943 0.005
5804.63382 13.960 0.005
5804.67795 13.964 0.005
5805.50365 13.976 0.005
5805.55612 13.944 0.005
5805.59399 13.938 0.005
5805.64029 13.956 0.005
5806.49670 13.942 0.005
5806.55325 13.916 0.005
5807.54994 13.932 0.005
5807.59152 13.883 0.005
5807.63380 13.906 0.005
5812.49672 13.885 0.005
5812.53702 13.898 0.005
5812.57626 13.900 0.005
5812.61619 13.889 0.005
5813.50422 13.936 0.005
5813.55033 13.921 0.005
5813.58866 13.931 0.005
5813.62647 13.932 0.005
5815.47667 13.920 0.005
5815.52961 13.909 0.005
5815.56808 13.898 0.005
5815.61529 13.894 0.005
5816.50098 13.936 0.005
5816.54846 13.910 0.005
5816.58677 13.916 0.005
5816.62481 13.915 0.005
5817.50214 13.903 0.005
5817.54946 13.912 0.005
5817.58865 13.891 0.005
5817.62648 13.913 0.005
5818.48136 13.885 0.005
5818.53087 13.891 0.005
5818.56890 13.894 0.005
5818.60921 13.890 0.005
5819.48141 13.902 0.005
5819.53958 13.906 0.005
5819.57718 13.882 0.005
5819.61647 13.898 0.005
5820.50828 13.906 0.005
5820.55524 13.886 0.005
5820.59307 13.884 0.005
5820.63087 13.890 0.005
5822.52189 13.857 0.005
5822.56684 13.852 0.005
5822.61032 13.883 0.005
5823.49845 13.822 0.005
5823.54175 13.846 0.005
5823.58529 13.845 0.005
5824.52235 13.864 0.005
5824.56334 13.850 0.005
5824.60455 13.861 0.005
5825.48163 13.836 0.005
5825.53367 13.844 0.005
5825.57999 13.846 0.005
5826.50315 13.839 0.005
5826.55182 13.847 0.005
5826.59130 13.838 0.005
5827.49155 13.821 0.005
5827.52924 13.817 0.005
5827.57206 13.828 0.005
5827.60965 13.834 0.005
5828.50271 13.831 0.005
5828.54260 13.828 0.005
5828.58024 13.832 0.005
5829.51545 13.838 0.005
5829.55337 13.848 0.005
5829.59123 13.860 0.005
5830.47931 13.828 0.005
5830.52862 13.832 0.005
5830.56628 13.848 0.005
5830.60453 13.839 0.005
5831.52738 13.827 0.005
5831.56494 13.830 0.005
5832.51079 13.804 0.005
5832.55037 13.805 0.005
5832.58999 13.816 0.005
5833.50845 13.778 0.005
5833.54834 13.787 0.005
5833.58617 13.777 0.005
5834.50794 13.768 0.005
5834.54563 13.780 0.005
5834.58498 13.791 0.005
5835.52908 13.713 0.005
5836.48264 13.732 0.005
5839.48206 13.713 0.005
5839.52226 13.708 0.005
5839.56120 13.703 0.005
5840.50866 13.667 0.005
5840.51048 13.672 0.005
5840.56289 13.678 0.005
5841.50829 13.663 0.005
5841.54790 13.652 0.005
5842.55449 13.630 0.005
5843.51195 13.631 0.005
5843.55278 13.646 0.005
5844.49626 13.629 0.005
5844.53571 13.617 0.005
5844.57647 13.590 0.005
5845.49662 13.608 0.005
5845.53643 13.612 0.005
5845.57675 13.603 0.005
5846.50048 13.559 0.005
5846.53845 13.566 0.005
5846.57730 13.565 0.005
5850.51119 13.511 0.005
5850.54981 13.515 0.005
5851.50012 13.488 0.005
5851.53846 13.491 0.005
5852.48799 13.454 0.005
5852.52793 13.461 0.005
5854.49151 13.412 0.005
5854.53471 13.423 0.005
5856.51023 13.368 0.005
5858.49131 13.342 0.005
5859.49169 13.320 0.005
5860.50520 13.292 0.005
5861.49357 13.258 0.005
5862.50857 13.238 0.005
5866.49816 13.140 0.005
5867.49775 13.121 0.005
5868.50089 13.090 0.005
5960.87561 11.863 0.005
5961.87078 11.862 0.005
5962.87487 11.884 0.005
5963.87611 11.892 0.005
5964.87117 11.911 0.005
5965.87854 11.952 0.005
5967.88361 11.993 0.005
5968.87661 11.994 0.005
5969.88455 12.019 0.005
5971.85889 12.066 0.005
5972.87453 12.097 0.005
5976.86440 12.201 0.005
5977.82246 12.225 0.005
5977.86332 12.220 0.005
5978.83533 12.248 0.005
5978.87375 12.254 0.005
5979.82386 12.269 0.005
5979.86559 12.277 0.005
5980.84671 12.313 0.005
5982.81292 12.371 0.005
5982.85155 12.378 0.005
5982.89880 12.376 0.005
5983.84333 12.404 0.005
5983.89089 12.432 0.005
5984.81207 12.438 0.005
5984.86363 12.458 0.005
5985.80769 12.468 0.005
5985.84763 12.473 0.005
5985.89093 12.472 0.005
5986.80245 12.506 0.005
5986.85615 12.514 0.005
5986.90369 12.518 0.005
5987.83250 12.540 0.005
5987.87094 12.549 0.005
5988.81678 12.574 0.005
5988.85772 12.572 0.005
5988.90449 12.583 0.005
5989.82724 12.606 0.005
5989.86899 12.614 0.005
5990.79255 12.645 0.005
5990.80358 12.647 0.005
5990.81764 12.644 0.005
5990.83179 12.647 0.005
5990.84441 12.645 0.005
5990.85909 12.645 0.005
5990.87321 12.651 0.005
5990.88587 12.647 0.005
5991.79582 12.678 0.005
5991.80546 12.680 0.005
5991.83362 12.683 0.005
5991.86141 12.685 0.005
5991.88525 12.682 0.005
5991.89986 12.691 0.005
5992.79472 12.715 0.005
5992.80310 12.708 0.005
5992.82338 12.712 0.005
5992.83648 12.718 0.005
5992.85075 12.721 0.005
5992.86548 12.722 0.005
5992.87857 12.724 0.005
5992.89784 12.733 0.005
5992.90583 12.729 0.005
5992.91205 12.727 0.005
5993.78583 12.756 0.005
5993.80587 12.742 0.005
5993.82302 12.749 0.005
5993.84505 12.754 0.005
5993.86235 12.752 0.005
5993.88818 12.757 0.005
5993.90697 12.755 0.005
5994.78423 12.800 0.005
5994.79871 12.794 0.005
5994.81690 12.793 0.005
5994.83125 12.787 0.005
5994.86769 12.795 0.005
5994.88355 12.799 0.005
5994.90721 12.805 0.005
5995.77493 12.835 0.005
5995.83450 12.844 0.005
5995.86443 12.838 0.005
5995.88160 12.837 0.005
5996.78519 12.867 0.005
5996.82406 12.869 0.005
5996.87102 12.867 0.005
5996.90845 12.875 0.005
5997.81782 12.904 0.005
5997.86623 12.911 0.005
5997.90410 12.912 0.005
5998.79376 12.936 0.005
5998.84292 12.945 0.005
5998.88421 12.951 0.005
5999.77326 12.989 0.005
5999.81649 12.986 0.005
5999.86490 12.989 0.005
5999.90326 12.983 0.005
6002.77726 13.088 0.005
6002.78014 13.088 0.005
6002.83174 13.097 0.005
6002.87203 13.103 0.005
6002.89863 13.102 0.005
6003.85167 13.127 0.005
6003.89839 13.126 0.005
6004.78350 13.169 0.005
6004.83145 13.164 0.005
6004.87988 13.169 0.005
6004.91784 13.163 0.005
6005.78604 13.204 0.005
6005.82891 13.205 0.005
6005.89295 13.217 0.005
6006.75979 13.238 0.005
6006.80284 13.231 0.005
6006.86248 13.236 0.005
6006.90083 13.239 0.005
6007.76431 13.264 0.005
6007.81172 13.264 0.005
6007.85976 13.272 0.005
6007.89773 13.279 0.005
6008.74553 13.311 0.005
6008.78672 13.301 0.005
6008.83498 13.311 0.005
6008.88319 13.309 0.005
6008.92158 13.312 0.005
6009.77574 13.347 0.005
6009.82402 13.350 0.005
6009.87109 13.354 0.005
6009.90846 13.353 0.005
6010.75157 13.380 0.005
6010.79364 13.384 0.005
6010.85223 13.388 0.005
6010.89075 13.390 0.005
6011.73620 13.405 0.005
6011.78231 13.408 0.005
6011.84845 13.413 0.005
6011.89662 13.406 0.005
6012.73888 13.445 0.005
6012.78421 13.449 0.005
6012.83307 13.455 0.005
6012.88162 13.448 0.005
6012.91994 13.450 0.005
6013.77832 13.492 0.005
6013.81754 13.487 0.005
6013.88051 13.485 0.005
6013.92099 13.488 0.005
6014.75528 13.512 0.005
6014.79368 13.516 0.005
6014.85327 13.514 0.005
6014.89273 13.511 0.005
6015.73244 13.557 0.005
6015.77166 13.551 0.005
6015.81058 13.555 0.005
6015.83879 13.545 0.005
6015.90031 13.541 0.005
6016.75191 13.571 0.005
6016.79170 13.569 0.005
6016.83180 13.568 0.005
6016.89514 13.577 0.005
6017.72701 13.610 0.005
6017.76533 13.613 0.005
6017.80348 13.617 0.005
6017.84294 13.605 0.005
6017.90061 13.616 0.005
6018.75386 13.619 0.005
6018.79228 13.637 0.005
6018.83212 13.638 0.005
6018.87393 13.629 0.005
6019.72066 13.672 0.005
6019.75930 13.675 0.005
6019.81705 13.662 0.005
6019.85575 13.662 0.005
6019.89412 13.670 0.005
6020.71259 13.705 0.005
6020.75140 13.695 0.005
6020.80745 13.696 0.005
6020.84569 13.693 0.005
6020.88491 13.701 0.005
6020.92558 13.695 0.005
6021.73404 13.739 0.005
6021.77308 13.742 0.005
6021.81121 13.734 0.005
6021.85054 13.726 0.005
6021.90860 13.723 0.005
6022.72168 13.769 0.005
6022.75979 13.760 0.005
6022.79811 13.746 0.005
6022.85550 13.749 0.005
6022.89433 13.756 0.005
6023.71349 13.795 0.005
6023.75479 13.774 0.005
6023.79529 13.782 0.005
6023.83641 13.760 0.005
6023.89875 13.775 0.005
6024.70128 13.826 0.005
6024.73986 13.812 0.005
6024.77987 13.812 0.005
6024.84054 13.797 0.005
6024.89100 13.802 0.005
6025.69745 13.781 0.005
6025.73904 13.839 0.005
6025.77703 13.842 0.005
6025.81908 13.822 0.005
6025.88107 13.816 0.005
6031.76802 14.026 0.005
6031.80747 14.014 0.005
6031.84843 13.997 0.005
6031.88936 13.996 0.005
6032.68436 14.064 0.005
6032.72451 14.052 0.005
6032.77220 14.014 0.005
6032.82069 14.014 0.005
6032.86100 14.028 0.005
6032.90475 14.045 0.005
6033.69644 14.077 0.005
6033.74318 14.060 0.005
6033.78480 14.054 0.005
6033.85579 14.053 0.005
6033.89743 14.041 0.005
6034.69224 14.081 0.005
6034.73891 14.060 0.005
6034.78466 14.066 0.005
6034.83879 14.050 0.005
6034.92706 14.062 0.005
6035.87132 14.056 0.005
6036.69865 14.140 0.005
6036.74098 14.118 0.005
6036.79289 14.117 0.005
6036.81796 14.088 0.005
6036.86266 14.105 0.005
6036.91779 14.099 0.005
6037.72554 14.121 0.005
6037.76689 14.121 0.005
6037.82050 14.104 0.005
6037.88122 14.104 0.005
6037.92080 14.099 0.005
6038.73579 14.152 0.005
6038.77600 14.151 0.005
6038.84309 14.140 0.005
6038.88645 14.147 0.005
6039.75675 14.165 0.005
6039.80339 14.160 0.005
6039.86502 14.171 0.005
6039.90818 14.149 0.005
6040.73591 14.158 0.005
6040.77685 14.202 0.005
6040.81698 14.203 0.005
6040.88165 14.179 0.005
6040.92014 14.170 0.005
6041.72362 14.247 0.005
6041.76885 14.232 0.005
6041.82063 14.220 0.005
6041.87342 14.188 0.005
6041.91359 14.177 0.005
6045.90767 14.259 0.005
6046.87801 14.272 0.005
6046.91867 14.256 0.005
6047.69319 14.288 0.005
6047.73082 14.296 0.005
6047.77117 14.260 0.005
6047.82149 14.250 0.005
6047.88428 14.265 0.005
6047.92491 14.288 0.005
6048.69873 14.274 0.005
6048.73902 14.276 0.005
6048.80004 14.258 0.005
6048.84450 14.266 0.005
6048.88786 14.257 0.005
6048.92890 14.266 0.005
6049.70737 14.322 0.005
6049.76102 14.306 0.005
6049.81958 14.308 0.005
6049.86027 14.311 0.005
6049.90143 14.322 0.005
6050.65492 14.339 0.005
6050.69667 14.324 0.005
6050.73580 14.294 0.005
6050.80619 14.319 0.005
6050.84609 14.322 0.005
6050.88500 14.323 0.005
6050.92371 14.299 0.005
6051.66586 14.334 0.005
6051.75519 14.327 0.005
6052.68106 14.354 0.005
6052.72901 14.352 0.005
6052.77722 14.329 0.005
6052.81686 14.357 0.005
6052.85724 14.346 0.005
6052.89607 14.352 0.005
6052.93461 14.342 0.005
6053.67266 14.359 0.005
6053.71269 14.353 0.005
6053.76016 14.367 0.005
6053.80843 14.352 0.005
6053.86352 14.350 0.005
6053.90447 14.328 0.005
6057.67136 14.399 0.005
6057.70327 14.394 0.005
6057.73336 14.398 0.005
6057.76445 14.361 0.005
6057.80348 14.351 0.005
6057.83157 14.383 0.005
6057.86259 14.366 0.005
6057.86456 14.364 0.005
6057.89600 14.345 0.005
6057.91063 14.362 0.005
6057.92929 14.355 0.005
6058.68921 14.421 0.005
6058.73045 14.340 0.005
6058.76812 14.382 0.005
6058.81766 14.369 0.005
6058.86092 14.354 0.005
6058.90056 14.346 0.005
6058.94049 14.346 0.005
6059.69762 14.427 0.005
6059.73546 14.417 0.005
6059.77389 14.419 0.005
6059.83407 14.390 0.005
6059.87286 14.360 0.005
6059.91174 14.363 0.005
6060.77993 14.360 0.005
6061.67329 14.400 0.005
6061.71218 14.388 0.005
6061.76227 14.394 0.005
6061.81277 14.390 0.005
6061.85175 14.404 0.005
6061.88997 14.386 0.005
6061.92850 14.391 0.005
6062.68135 14.420 0.005
6062.72060 14.400 0.005
6062.75945 14.385 0.005
6062.82081 14.368 0.005
6062.86036 14.358 0.005
6062.89840 14.365 0.005
6062.93626 14.366 0.005
6063.78929 14.317 0.005
6063.82922 14.357 0.005
6063.87796 14.377 0.005
6063.92557 14.387 0.005
6064.71352 14.416 0.005
6064.75203 14.385 0.005
6064.81644 14.386 0.005
6064.85611 14.388 0.005
6064.89782 14.422 0.005
6064.93633 14.408 0.005
6065.64674 14.400 0.005
6065.68521 14.401 0.005
6065.73315 14.387 0.005
6065.78504 14.403 0.005
6065.82568 14.362 0.005
6066.60950 14.406 0.005
6066.64906 14.394 0.005
6066.68714 14.389 0.005
6066.72521 14.374 0.005
6066.79019 14.406 0.005
6066.82986 14.383 0.005
6066.87222 14.379 0.005
6066.91051 14.333 0.005
6067.59417 14.374 0.005
6067.63335 14.355 0.005
6067.67414 14.332 0.005
6067.71247 14.348 0.005
6067.76147 14.365 0.005
6067.81291 14.353 0.005
6067.85220 14.361 0.005
6067.89006 14.336 0.005
6067.92789 14.322 0.005
6068.62956 14.346 0.005
6068.68020 14.349 0.005
6068.72710 14.344 0.005
6068.79512 14.324 0.005
6068.85348 14.342 0.005
6068.89822 14.333 0.005
6069.61767 14.365 0.005
6069.67626 14.341 0.005
6069.71798 14.322 0.005
6069.76882 14.352 0.005
6069.82467 14.314 0.005
6069.86719 14.319 0.005
6069.90538 14.331 0.005
6070.58710 14.308 0.005
6070.62566 14.338 0.005
6070.66380 14.350 0.005
6070.70364 14.359 0.005
6070.74159 14.369 0.005
6070.80213 14.342 0.005
6070.84038 14.336 0.005
6070.88059 14.321 0.005
6070.92002 14.329 0.005
6071.58583 14.347 0.005
6071.62566 14.341 0.005
6071.66660 14.344 0.005
6071.70433 14.321 0.005
6071.75214 14.335 0.005
6071.80671 14.313 0.005
6071.84621 14.349 0.005
6071.88440 14.320 0.005
6071.92218 14.211 0.005
6075.60993 14.255 0.005
6075.64802 14.248 0.005
6075.68628 14.249 0.005
6075.73977 14.258 0.005
6075.79190 14.256 0.005
6075.83141 14.231 0.005
6075.87589 14.234 0.005
6076.60103 14.302 0.005
6076.64266 14.303 0.005
6076.68944 14.238 0.005
6076.73661 14.265 0.005
6076.78571 14.259 0.005
6076.82443 14.242 0.005
6076.87371 14.286 0.005
6076.91944 14.254 0.005
6077.70154 14.260 0.005
6077.76097 14.229 0.005
6077.81964 14.198 0.005
6077.86064 14.203 0.005
6077.90202 14.190 0.005
6077.94066 14.240 0.005
6078.62252 14.182 0.005
6078.66066 14.174 0.005
6078.69912 14.162 0.005
6078.76249 14.184 0.005
6078.80312 14.202 0.005
6078.84132 14.208 0.005
6078.88546 14.163 0.005
6079.55957 14.185 0.005
6079.59883 14.168 0.005
6079.63655 14.178 0.005
6079.67752 14.197 0.005
6079.73728 14.177 0.005
6079.78879 14.179 0.005
6079.83996 14.157 0.005
6079.87799 14.210 0.005
6079.91779 14.249 0.005
6080.56901 14.183 0.005
6080.60700 14.177 0.005
6080.64528 14.175 0.005
6080.69194 14.174 0.005
6080.73368 14.183 0.005
6080.77442 14.168 0.005
6080.82264 14.165 0.005
6080.87036 14.185 0.005
6080.91509 14.165 0.005
6081.56274 14.146 0.005
6081.60259 14.144 0.005
6081.64201 14.160 0.005
6081.68144 14.161 0.005
6081.72694 14.127 0.005
6081.77596 14.146 0.005
6081.82435 14.144 0.005
6081.86453 14.168 0.005
6081.91264 14.168 0.005
6085.55906 14.068 0.005
6085.59806 14.063 0.005
6085.64769 14.040 0.005
6085.68252 14.058 0.005
6085.73208 14.072 0.005
6085.77150 14.033 0.005
6085.80992 14.035 0.005
6085.84869 14.026 0.005
6085.88829 14.041 0.005
6086.58337 14.034 0.005
6086.62170 14.026 0.005
6086.66469 14.025 0.005
6086.71358 14.007 0.005
6086.76707 14.004 0.005
6086.80698 14.021 0.005
6086.85550 14.005 0.005
6086.89692 14.005 0.005
6087.74366 13.983 0.005
6087.80540 13.976 0.005
6087.84509 13.958 0.005
6088.57288 13.981 0.005
6088.61057 13.960 0.005
6088.64902 13.961 0.005
6088.68713 13.965 0.005
6089.65333 13.918 0.005
6089.69159 13.942 0.005
6089.76222 13.922 0.005
6089.80322 13.919 0.005
6089.86467 13.908 0.005
6092.57120 13.832 0.005
6092.60924 13.827 0.005
6092.64937 13.814 0.005
6092.76682 13.814 0.005
6092.84251 13.803 0.005
6092.89407 13.801 0.005
6093.56163 13.785 0.005
6093.60345 13.793 0.005
6093.64132 13.788 0.005
6093.68927 13.781 0.005
6093.76419 13.777 0.005
6093.80188 13.765 0.005
6093.84170 13.764 0.005
6094.55297 13.758 0.005
6094.61509 13.755 0.005
6094.65268 13.759 0.005
6094.69047 13.754 0.005
6094.74967 13.756 0.005
6094.78727 13.759 0.005
6094.82728 13.737 0.005
6094.86581 13.750 0.005
6096.57320 13.690 0.005
6096.61452 13.688 0.005
6096.65967 13.684 0.005
6096.70401 13.684 0.005
6096.72146 13.682 0.005
6096.73425 13.681 0.005
6096.77354 13.681 0.005
6096.81283 13.676 0.005
6096.85366 13.666 0.005
6097.67812 13.644 0.005
6097.75081 13.630 0.005
6097.78956 13.636 0.005
6097.82716 13.627 0.005
6097.86687 13.626 0.005
6098.54735 13.605 0.005
6098.59614 13.608 0.005
6098.63367 13.611 0.005
6098.67209 13.614 0.005
6098.73513 13.606 0.005
6098.77331 13.606 0.005
6098.81439 13.598 0.005
6098.85243 13.594 0.005
6099.64118 13.563 0.005
6099.75166 13.572 0.005
6100.51552 13.548 0.005
6100.57149 13.535 0.005
6100.61141 13.542 0.005
6100.64908 13.539 0.005
6100.70900 13.531 0.005
6100.74825 13.533 0.005
6100.79586 13.527 0.005
6100.83650 13.524 0.005
6100.87421 13.529 0.005
6101.51246 13.499 0.005
6101.55050 13.497 0.005
6101.58808 13.499 0.005
6101.62621 13.504 0.005
6101.66584 13.492 0.005
6101.72762 13.490 0.005
6101.76656 13.482 0.005
6101.80556 13.490 0.005
6101.85307 13.484 0.005
6102.51342 13.455 0.005
6102.55233 13.467 0.005
6102.60078 13.475 0.005
6102.64802 13.466 0.005
6102.68811 13.463 0.005
6102.72768 13.463 0.005
6102.76662 13.465 0.005
6102.80638 13.453 0.005
6102.84635 13.454 0.005
6103.48414 13.440 0.005
6103.52863 13.440 0.005
6103.56873 13.441 0.005
6103.60885 13.430 0.005
6103.66721 13.431 0.005
6103.70757 13.420 0.005
6103.74776 13.425 0.005
6103.81387 13.433 0.005
6104.48497 13.414 0.005
6104.52927 13.410 0.005
6104.56733 13.409 0.005
6104.65166 13.410 0.005
6104.69216 13.408 0.005
6104.73239 13.407 0.005
6104.77100 13.411 0.005
6104.81232 13.409 0.005
6104.86099 13.410 0.005
6105.48053 13.390 0.005
6105.53019 13.389 0.005
6105.56781 13.393 0.005
6105.62592 13.390 0.005
6105.68146 13.388 0.005
6105.72000 13.384 0.005
6105.75984 13.380 0.005
6106.62577 13.365 0.005
6106.69600 13.371 0.005
6108.52990 13.332 0.005
6108.56878 13.328 0.005
6108.62143 13.317 0.005
6108.67294 13.331 0.005
6108.71504 13.322 0.005
6108.75462 13.325 0.005
6108.79348 13.328 0.005
6108.83541 13.324 0.005
6113.54640 13.254 0.005
6113.58875 13.252 0.005
6113.62659 13.249 0.005
6113.66860 13.251 0.005
6113.70849 13.251 0.005
6113.74704 13.248 0.005
6113.78477 13.248 0.005
6113.82383 13.251 0.005
6114.55926 13.235 0.005
6114.59688 13.243 0.005
6114.63390 13.247 0.005
6114.68327 13.242 0.005
6114.73081 13.246 0.005
6114.76850 13.252 0.005
6114.80741 13.246 0.005
6114.84885 13.250 0.005
6115.49487 13.238 0.005
6115.53327 13.233 0.005
6115.57092 13.237 0.005
6115.63065 13.231 0.005
6115.68342 13.232 0.005
6115.74860 13.233 0.005
6115.80061 13.227 0.005
6116.49240 13.232 0.005
6116.53385 13.223 0.005
6116.57475 13.227 0.005
6116.62200 13.221 0.005
6116.67112 13.219 0.005
6116.71273 13.224 0.005
6116.75578 13.222 0.005
6116.79529 13.219 0.005
6117.51405 13.216 0.005
6117.55163 13.212 0.005
6117.59008 13.218 0.005
6117.65233 13.220 0.005
6117.69194 13.219 0.005
6117.73039 13.221 0.005
6117.76960 13.213 0.005
6117.80720 13.221 0.005
6118.50429 13.203 0.005
6118.54332 13.206 0.005
6118.58300 13.210 0.005
6118.63835 13.213 0.005
6118.69287 13.212 0.005
6118.73190 13.214 0.005
6118.76925 13.214 0.005
6118.80673 13.213 0.005
6119.49244 13.198 0.005
6119.53382 13.199 0.005
6119.57261 13.205 0.005
6119.62871 13.205 0.005
6119.67198 13.205 0.005
6119.70998 13.208 0.005
6119.73716 13.212 0.005
6119.77680 13.199 0.005
6119.81238 13.201 0.005
6120.52058 13.195 0.005
6120.56003 13.190 0.005
6120.62598 13.201 0.005
6120.67638 13.204 0.005
6120.71545 13.206 0.005
6120.75785 13.193 0.005
6120.80254 13.196 0.005
6121.47498 13.196 0.005
6121.51234 13.195 0.005
6121.55010 13.192 0.005
6121.60236 13.203 0.005
6121.65516 13.193 0.005
6121.71925 13.194 0.005
6121.75740 13.192 0.005
6123.52493 13.180 0.005
6123.56337 13.184 0.005
6123.61066 13.182 0.005
6123.66232 13.183 0.005
6123.70123 13.178 0.005
6123.73946 13.176 0.005
6123.78000 13.182 0.005
6124.49944 13.164 0.005
6124.53917 13.163 0.005
6124.60014 13.162 0.005
6124.67011 13.169 0.005
6124.70984 13.165 0.005
6124.75044 13.167 0.005
6124.79074 13.168 0.005
6124.83067 13.162 0.005
6125.55463 13.160 0.005
6125.61637 13.165 0.005
6125.67146 13.155 0.005
6125.71401 13.157 0.005
6125.75929 13.149 0.005
6125.79995 13.151 0.005
6126.49218 13.144 0.005
6126.54357 13.144 0.005
6126.58892 13.138 0.005
6126.64810 13.140 0.005
6126.70677 13.146 0.005
6126.75112 13.146 0.005
6127.49248 13.140 0.005
6127.53442 13.134 0.005
6127.61965 13.127 0.005
6127.72129 13.128 0.005
6128.51120 13.123 0.005
6128.55389 13.129 0.005
6128.59770 13.121 0.005
6128.64366 13.127 0.005
6128.69956 13.120 0.005
6130.54869 13.097 0.005
6130.72970 13.098 0.005
6130.73949 13.095 0.005
6131.51852 13.084 0.005
6131.56627 13.087 0.005
6131.63244 13.079 0.005
6131.67770 13.074 0.005
6131.74718 13.092 0.005
6132.49911 13.065 0.005
6132.56882 13.068 0.005
6132.65540 13.074 0.005
6132.74186 13.078 0.005
6132.77835 13.069 0.005
6133.55247 13.054 0.005
6133.60155 13.047 0.005
6133.66302 13.056 0.005
6133.70617 13.058 0.005
6133.75480 13.058 0.005
6134.52254 13.039 0.005
6134.56414 13.033 0.005
6134.60840 13.031 0.005
6134.67451 13.033 0.005
6135.50490 13.018 0.005
6135.54659 13.013 0.005
6135.60692 13.007 0.005
6135.67388 13.007 0.005
6135.72644 13.001 0.005
6135.76837 13.009 0.005
6135.80992 13.000 0.005
6136.59706 12.980 0.005
6136.62416 12.985 0.005
6136.65460 12.987 0.005
6136.75663 12.985 0.005
6140.50717 12.910 0.005
6140.55547 12.906 0.005
6140.60851 12.902 0.005
6140.64637 12.903 0.005
6140.68553 12.898 0.005
6140.72866 12.897 0.005
6141.49478 12.884 0.005
6141.53244 12.880 0.005
6141.58124 12.873 0.005
6141.63030 12.879 0.005
6141.66795 12.880 0.005
6141.70887 12.879 0.005
6141.74741 12.876 0.005
6142.48567 12.852 0.005
6142.54568 12.847 0.005
6143.53264 12.821 0.005
6147.52459 12.697 0.005
6147.57671 12.702 0.005
6147.61797 12.702 0.005
6147.67535 12.694 0.005
6147.71331 12.695 0.005
6148.50742 12.682 0.005
6148.55603 12.678 0.005
6148.60986 12.675 0.005
6148.64934 12.672 0.005
6148.69474 12.665 0.005
6149.57397 12.648 0.005
6149.61601 12.651 0.005
6150.49752 12.631 0.005
6150.54677 12.623 0.005
6150.59907 12.624 0.005
6150.64952 12.620 0.005
6151.48347 12.606 0.005
6151.55223 12.601 0.005
6151.59334 12.598 0.005
6151.63222 12.597 0.005
6151.67309 12.598 0.005
6151.71309 12.592 0.005
6152.48276 12.583 0.005
6152.52234 12.577 0.005
6152.56282 12.573 0.005
6152.62724 12.571 0.005
6152.66666 12.567 0.005
6154.51091 12.536 0.005
6154.55206 12.533 0.005
6154.63148 12.528 0.005
6154.70351 12.530 0.005
6157.65956 12.448 0.005
6157.70194 12.457 0.005
6158.50009 12.438 0.005
6158.55018 12.431 0.005
6158.60183 12.438 0.005
6158.64240 12.432 0.005
6158.68218 12.436 0.005
6159.50634 12.410 0.005
6159.56136 12.408 0.005
6159.61366 12.404 0.005
6159.68360 12.410 0.005
6160.48790 12.387 0.005
6160.54366 12.378 0.005
6160.55764 12.380 0.005
6160.60329 12.374 0.005
6160.64482 12.378 0.005
6160.68331 12.391 0.005
6160.69605 12.384 0.005
6161.48700 12.361 0.005
6161.52731 12.363 0.005
6161.56709 12.357 0.005
6161.62697 12.356 0.005
6161.69035 12.355 0.005
6164.61347 12.293 0.005
6166.62865 12.280 0.005
6167.53808 12.264 0.005
6167.58782 12.272 0.005
6167.64029 12.274 0.005
6167.68274 12.258 0.005
6168.53979 12.278 0.005
6168.60441 12.255 0.005
6168.66075 12.251 0.005
6169.49056 12.243 0.005
6169.54152 12.241 0.005
6169.59214 12.253 0.005
6169.63228 12.239 0.005
6169.66762 12.235 0.005
6171.49321 12.259 0.005
6171.54720 12.239 0.005
6171.59660 12.245 0.005
6171.63650 12.219 0.005
6171.67871 12.209 0.005
6172.50545 12.263 0.005
6172.55595 12.240 0.005
6172.60640 12.226 0.005
6172.64482 12.232 0.005
6174.57809 12.206 0.005
6174.64450 12.200 0.005
6175.51805 12.201 0.005
6175.55615 12.202 0.005
6175.59478 12.195 0.005
6175.63610 12.198 0.005
6179.52316 12.186 0.005
6179.56935 12.192 0.005
6179.61275 12.194 0.005
6179.65177 12.188 0.005
6180.48839 12.199 0.005
6180.54783 12.190 0.005
6180.58566 12.183 0.005
6180.62685 12.178 0.005
6181.49283 12.193 0.005
6181.54682 12.204 0.005
6181.58851 12.212 0.005
6181.62757 12.182 0.005
6182.49316 12.196 0.005
6182.54803 12.200 0.005
6182.59624 12.196 0.005
6182.64137 12.191 0.005
6183.49025 12.204 0.005
6183.59332 12.210 0.005
6183.63233 12.211 0.005
6184.52818 12.220 0.005
6184.58660 12.211 0.005
6184.63244 12.199 0.005
6185.49505 12.217 0.005
6185.55385 12.225 0.005
6185.59318 12.214 0.005
6186.47898 12.220 0.005
6186.53596 12.232 0.005
6186.57466 12.220 0.005
6187.53539 12.232 0.005
6190.51467 12.251 0.005
6190.57225 12.247 0.005
6190.61215 12.232 0.005
6191.51570 12.265 0.005
6191.56761 12.252 0.005
6191.60981 12.249 0.005
6195.49172 12.294 0.005
6195.54397 12.298 0.005
6195.58210 12.281 0.005
6196.49249 12.307 0.005
6196.54082 12.301 0.005
6196.57975 12.290 0.005
6197.49432 12.300 0.005
6197.54249 12.307 0.005
6197.58252 12.299 0.005
6198.54864 12.317 0.005
6199.51279 12.335 0.005
6200.58404 12.337 0.005
6201.52384 12.355 0.005
6202.56129 12.363 0.005
6203.50016 12.374 0.005
6203.55225 12.372 0.005
6203.59091 12.363 0.005
6204.49899 12.385 0.005
6204.51307 12.385 0.005
6204.54424 12.386 0.005
6204.58237 12.385 0.005
6205.48545 12.397 0.005
6205.52853 12.399 0.005
6205.56660 12.399 0.005
6209.54745 12.464 0.005
6210.49953 12.465 0.005
6210.53788 12.464 0.005
6210.57673 12.457 0.005
6211.50130 12.484 0.005
6211.54365 12.482 0.005
6211.58211 12.477 0.005
6212.50076 12.498 0.005
6212.53915 12.503 0.005
6213.50720 12.519 0.005
6213.54563 12.521 0.005
6214.49430 12.532 0.005
6214.53865 12.538 0.005
6216.51140 12.575 0.005
6216.55039 12.569 0.005
6217.50621 12.605 0.005
6217.54408 12.598 0.005
6218.51911 12.613 0.005
6218.55766 12.609 0.005
6221.51242 12.671 0.005
6221.54138 12.671 0.005
6223.53230 12.713 0.005
6224.51562 12.732 0.005
6226.51453 12.775 0.005
6227.53583 12.793 0.005
6231.49947 12.882 0.005
6232.50063 12.904 0.005
6233.51898 12.924 0.005
6326.86922 13.492 0.005
6334.87081 13.076 0.005
6335.84123 13.034 0.005
6337.86223 12.922 0.005
6338.83956 12.881 0.005
6338.88254 12.873 0.005
6339.85862 12.834 0.005
6340.83830 12.795 0.005
6341.87583 12.741 0.005
6343.87930 12.664 0.005
6344.83237 12.632 0.005
6344.87144 12.638 0.005
6345.84653 12.603 0.005
6345.89407 12.597 0.005
6347.85304 12.541 0.005
6347.89141 12.537 0.005
6348.83575 12.502 0.005
6348.87768 12.503 0.005
6349.84791 12.472 0.005
6349.88536 12.474 0.005
6350.83557 12.451 0.005
6350.88249 12.449 0.005
6351.83564 12.425 0.005
6352.83497 12.415 0.005
6352.88022 12.412 0.005
6353.80847 12.392 0.005
6353.85583 12.395 0.005
6354.84210 12.393 0.005
6354.88766 12.370 0.005
6358.84308 12.320 0.005
6360.80835 12.299 0.005
6360.84582 12.293 0.005
6360.89472 12.293 0.005
6361.83135 12.276 0.005
6361.86894 12.273 0.005
6362.79168 12.251 0.005
6362.82922 12.263 0.005
6362.85524 12.255 0.005
6362.90687 12.255 0.005
6363.82506 12.244 0.005
6363.88136 12.251 0.005
6367.84384 12.206 0.005
6367.88216 12.209 0.005
6368.77996 12.185 0.005
6368.83295 12.195 0.005
6368.87226 12.193 0.005
6368.91258 12.188 0.005
6369.79983 12.171 0.005
6369.84149 12.176 0.005
6369.89764 12.174 0.005
6370.78213 12.159 0.005
6370.82983 12.153 0.005
6370.87265 12.159 0.005
6370.91298 12.150 0.005
6371.79399 12.139 0.005
6371.84299 12.130 0.005
6371.88179 12.132 0.005
6372.78668 12.115 0.005
6372.83546 12.116 0.005
6372.87553 12.114 0.005
6373.75536 12.097 0.005
6373.80040 12.092 0.005
6373.84954 12.096 0.005
6373.88932 12.087 0.005
6374.75378 12.068 0.005
6374.79336 12.066 0.005
6374.84474 12.064 0.005
6374.88434 12.065 0.005
6375.75282 12.062 0.005
6375.79175 12.066 0.005
6375.85943 12.052 0.005
6375.90005 12.082 0.005
6376.76362 12.029 0.005
6376.81539 12.035 0.005
6376.85535 12.018 0.005
6376.89741 12.046 0.005
6377.77758 12.017 0.005
6377.82766 12.016 0.005
6377.86741 12.027 0.005
6377.90990 12.028 0.005
6378.77402 11.984 0.005
6378.82310 12.001 0.005
6378.86426 11.986 0.005
6378.90372 12.000 0.005
6379.75919 11.960 0.005
6379.80769 11.970 0.005
6379.84740 11.961 0.005
6379.89372 11.975 0.005
6380.74832 11.938 0.005
6380.78734 11.945 0.005
6380.85032 11.929 0.005
6380.89121 11.930 0.005
6381.74735 11.907 0.005
6381.75071 11.910 0.005
6381.79581 11.913 0.005
6381.84446 11.897 0.005
6381.88369 11.901 0.005
6382.74846 11.861 0.005
6382.78946 11.876 0.005
6382.82868 11.858 0.005
6382.86898 11.869 0.005
6386.74410 11.776 0.005
6386.78248 11.791 0.005
6386.83894 11.784 0.005
6386.88757 11.768 0.005
6387.71342 11.753 0.005
6387.75704 11.770 0.005
6387.79880 11.770 0.005
6387.84002 11.776 0.005
6387.87786 11.759 0.005
6388.71681 11.743 0.005
6388.75543 11.749 0.005
6388.81855 11.750 0.005
6388.88671 11.760 0.005
6389.70460 11.714 0.005
6389.74692 11.734 0.005
6389.79921 11.741 0.005
6389.83600 11.723 0.005
6389.87462 11.735 0.005
6389.91880 11.731 0.005
6390.74021 11.727 0.005
6390.78220 11.734 0.005
6390.82319 11.737 0.005
6390.86666 11.718 0.005
6390.91353 11.708 0.005
6391.70171 11.696 0.005
6391.74237 11.693 0.005
6391.79333 11.693 0.005
6391.84539 11.685 0.005
6391.88737 11.655 0.005
6393.69958 11.686 0.005
6393.76677 11.697 0.005
6393.80607 11.686 0.005
6393.85844 11.666 0.005
6394.72126 11.657 0.005
6394.77387 11.667 0.005
6394.82135 11.663 0.005
6394.86042 11.659 0.005
6394.92512 11.679 0.005
6395.72495 11.670 0.005
6395.77356 11.664 0.005
6395.82324 11.662 0.005
6395.86226 11.679 0.005
6395.90632 11.680 0.005
6396.71040 11.646 0.005
6396.75731 11.633 0.005
6396.80706 11.679 0.005
6396.84981 11.627 0.005
6396.89075 11.663 0.005
6396.93036 11.668 0.005
6397.72343 11.657 0.005
6397.77425 11.640 0.005
6397.82317 11.650 0.005
6397.86100 11.654 0.005
6397.89974 11.665 0.005
6398.69191 11.654 0.005
6398.73084 11.659 0.005
6398.79264 11.659 0.005
6398.83066 11.659 0.005
6398.87160 11.646 0.005
6398.91167 11.665 0.005
6399.69770 11.643 0.005
6399.73653 11.633 0.005
6399.78539 11.632 0.005
6399.83321 11.630 0.005
6399.87243 11.627 0.005
6400.70116 11.624 0.005
6400.74573 11.625 0.005
6400.81189 11.627 0.005
6400.86730 11.626 0.005
6400.91232 11.640 0.005
6401.70823 11.616 0.005
6401.75529 11.623 0.005
6401.80627 11.635 0.005
6401.84476 11.619 0.005
6401.88658 11.620 0.005
6401.92447 11.618 0.005
6402.71765 11.624 0.005
6402.76490 11.616 0.005
6402.81183 11.618 0.005
6402.85197 11.617 0.005
6402.89314 11.619 0.005
6403.68346 11.626 0.005
6403.72104 11.618 0.005
6403.75857 11.613 0.005
6403.80709 11.613 0.005
6403.84539 11.620 0.005
6403.90073 11.630 0.005
6404.69275 11.623 0.005
6404.74211 11.620 0.005
6404.79098 11.629 0.005
6404.82982 11.625 0.005
6404.86936 11.628 0.005
6404.92168 11.639 0.005
6405.84733 11.614 0.005
6405.87350 11.660 0.005
6405.91458 11.630 0.005
6406.77452 11.639 0.005
6406.83712 11.625 0.005
6406.89299 11.603 0.005
6406.93451 11.634 0.005
6407.71190 11.626 0.005
6407.74982 11.634 0.005
6407.78789 11.641 0.005
6407.83691 11.636 0.005
6407.87747 11.633 0.005
6407.92562 11.643 0.005
6408.74238 11.622 0.005
6408.78174 11.626 0.005
6408.82229 11.632 0.005
6409.79558 11.630 0.005
6409.89542 11.647 0.005
6409.93333 11.643 0.005
6415.72253 11.649 0.005
6415.77383 11.648 0.005
6415.81431 11.659 0.005
6415.86670 11.662 0.005
6415.91553 11.659 0.005
6416.65591 11.667 0.005
6416.70103 11.673 0.005
6416.76416 11.678 0.005
6416.81158 11.674 0.005
6416.86782 11.682 0.005
6416.91748 11.653 0.005
6417.68877 11.656 0.005
6417.72685 11.678 0.005
6417.76435 11.672 0.005
6417.81201 11.677 0.005
6417.85255 11.679 0.005
6417.90141 11.680 0.005
6417.93987 11.685 0.005
6418.66248 11.690 0.005
6418.70006 11.685 0.005
6418.73755 11.689 0.005
6418.77514 11.686 0.005
6418.82446 11.685 0.005
6418.86419 11.692 0.005
6418.91154 11.681 0.005
6419.66108 11.669 0.005
6419.71135 11.697 0.005
6419.74942 11.697 0.005
6419.78826 11.685 0.005
6419.83950 11.695 0.005
6419.88713 11.712 0.005
6419.92516 11.700 0.005
6420.61608 11.684 0.005
6420.65354 11.693 0.005
6420.69112 11.696 0.005
6420.72894 11.676 0.005
6420.76485 11.693 0.005
6420.82460 11.694 0.005
6420.86335 11.688 0.005
6420.91230 11.709 0.005
6421.79272 11.705 0.005
6421.83344 11.695 0.005
6421.89201 11.691 0.005
6422.68486 11.699 0.005
6422.73712 11.695 0.005
6422.77494 11.703 0.005
6422.89724 11.695 0.005
6423.64705 11.692 0.005
6423.69478 11.688 0.005
6423.75200 11.709 0.005
6423.81604 11.717 0.005
6423.85462 11.717 0.005
6423.89328 11.712 0.005
6423.93133 11.719 0.005
6424.65490 11.707 0.005
6424.69537 11.704 0.005
6424.75472 11.704 0.005
6424.80564 11.701 0.005
6424.84906 11.718 0.005
6424.89055 11.696 0.005
6426.61233 11.696 0.005
6426.65302 11.716 0.005
6426.72914 11.723 0.005
6426.80072 11.711 0.005
6426.85241 11.724 0.005
6426.89352 11.717 0.005
6426.93417 11.715 0.005
6427.77903 11.715 0.005
6427.89503 11.720 0.005
6428.64515 11.700 0.005
6428.69463 11.704 0.005
6428.73611 11.714 0.005
6428.78665 11.722 0.005
6428.84062 11.718 0.005
6428.88319 11.724 0.005
6428.92354 11.722 0.005
6431.63719 11.722 0.005
6431.68365 11.725 0.005
6431.73422 11.745 0.005
6431.78637 11.742 0.005
6431.82799 11.748 0.005
6431.86830 11.743 0.005
6431.90896 11.732 0.005
6432.58958 11.725 0.005
6432.66534 11.734 0.005
6432.70829 11.748 0.005
6432.76764 11.738 0.005
6432.80952 11.747 0.005
6432.84956 11.747 0.005
6432.89028 11.738 0.005
6432.93079 11.736 0.005
6433.61379 11.736 0.005
6433.65424 11.740 0.005
6433.69488 11.752 0.005
6433.74475 11.735 0.005
6433.79641 11.739 0.005
6433.84986 11.755 0.005
6434.61405 11.736 0.005
6434.65430 11.747 0.005
6434.69655 11.766 0.005
6434.74604 11.756 0.005
6434.79768 11.769 0.005
6434.83896 11.768 0.005
6434.88689 11.768 0.005
6434.93251 11.758 0.005
6435.58318 11.748 0.005
6435.64468 11.765 0.005
6435.68468 11.763 0.005
6435.73710 11.766 0.005
6435.78804 11.775 0.005
6435.83024 11.773 0.005
6435.87402 11.783 0.005
6435.91597 11.777 0.005
6436.58403 11.770 0.005
6436.63068 11.770 0.005
6436.67370 11.775 0.005
6436.71539 11.763 0.005
6436.77908 11.774 0.005
6436.81987 11.788 0.005
6436.86164 11.788 0.005
6436.90308 11.788 0.005
6436.94504 11.780 0.005
6441.64459 11.806 0.005
6441.72625 11.801 0.005
6441.77826 11.802 0.005
6441.83113 11.805 0.005
6441.87464 11.801 0.005
6441.91640 11.812 0.005
6442.56576 11.825 0.005
6442.61118 11.831 0.005
6442.65119 11.826 0.005
6442.69125 11.826 0.005
6442.75339 11.832 0.005
6442.79511 11.834 0.005
6442.83549 11.828 0.005
6442.87531 11.839 0.005
6442.91513 11.817 0.005
6443.59447 11.825 0.005
6443.67409 11.824 0.005
6443.75567 11.839 0.005
6443.82416 11.835 0.005
6444.76114 11.846 0.005
6444.81436 11.851 0.005
6444.85525 11.860 0.005
6444.89700 11.850 0.005
6445.57054 11.843 0.005
6445.62587 11.847 0.005
6445.68420 11.863 0.005
6445.72914 11.857 0.005
6445.78802 11.868 0.005
6445.83362 11.863 0.005
6445.87878 11.855 0.005
6445.92632 11.844 0.005
6446.57104 11.880 0.005
6446.61669 11.873 0.005
6446.65801 11.881 0.005
6446.70972 11.881 0.005
6446.76520 11.883 0.005
6446.80553 11.890 0.005
6446.84811 11.892 0.005
6446.91543 11.884 0.005
6447.54516 11.876 0.005
6447.59286 11.888 0.005
6447.63194 11.902 0.005
6447.67265 11.901 0.005
6447.73246 11.906 0.005
6447.77740 11.904 0.005
6447.81911 11.914 0.005
6447.85923 11.914 0.005
6447.89981 11.883 0.005
6448.58170 11.904 0.005
6448.62187 11.895 0.005
6448.66230 11.891 0.005
6448.71297 11.909 0.005
6448.76535 11.910 0.005
6448.80691 11.920 0.005
6448.84832 11.918 0.005
6448.88887 11.895 0.005
6448.92465 11.903 0.005
6449.58094 11.912 0.005
6449.62192 11.904 0.005
6449.66516 11.911 0.005
6449.70549 11.916 0.005
6449.76705 11.929 0.005
6449.80816 11.923 0.005
6449.84901 11.919 0.005
6449.88948 11.908 0.005
6450.57249 11.928 0.005
6450.61524 11.931 0.005
6450.65825 11.939 0.005
6450.70732 11.950 0.005
6450.75793 11.951 0.005
6450.79960 11.955 0.005
6450.84038 11.937 0.005
6450.88562 11.927 0.005
6451.57521 11.932 0.005
6451.62052 11.932 0.005
6451.66093 11.945 0.005
6451.71290 11.946 0.005
6451.76532 11.954 0.005
6451.80561 11.935 0.005
6451.84653 11.941 0.005
6451.88925 11.941 0.005
6452.53601 11.963 0.005
6452.57613 11.951 0.005
6452.62508 11.968 0.005
6452.66577 11.965 0.005
6452.75698 11.972 0.005
6452.81789 11.970 0.005
6452.86056 11.967 0.005
6452.90353 11.954 0.005
6454.54439 11.976 0.005
6454.59217 11.987 0.005
6454.63465 11.993 0.005
6454.67536 11.999 0.005
6454.73707 12.003 0.005
6454.77850 12.008 0.005
6454.81963 11.994 0.005
6454.86025 11.989 0.005
6454.90109 11.993 0.005
6455.53188 11.997 0.005
6455.59495 12.000 0.005
6455.70173 12.005 0.005
6455.80201 12.011 0.005
6456.55841 12.033 0.005
6456.60079 12.053 0.005
6456.64196 12.032 0.005
6456.69363 12.032 0.005
6456.74591 12.052 0.005
6456.78718 12.044 0.005
6456.82819 12.051 0.005
6456.89879 12.052 0.005
6457.68506 12.051 0.005
6457.72208 12.060 0.005
6457.77424 12.065 0.005
6457.81564 12.055 0.005
6457.85663 12.057 0.005
6457.89229 12.047 0.005
6458.55773 12.053 0.005
6458.59897 12.060 0.005
6458.64018 12.075 0.005
6458.68078 12.063 0.005
6458.73341 12.068 0.005
6458.78405 12.093 0.005
6458.82490 12.088 0.005
6458.86590 12.068 0.005
6459.55105 12.083 0.005
6459.59201 12.086 0.005
6459.63488 12.097 0.005
6459.68670 12.101 0.005
6459.74311 12.123 0.005
6459.78394 12.105 0.005
6459.82468 12.107 0.005
6459.86558 12.092 0.005
6460.60961 12.102 0.005
6460.66501 12.117 0.005
6460.75079 12.103 0.005
6460.83650 12.121 0.005
6461.53504 12.133 0.005
6461.58085 12.129 0.005
6461.62228 12.125 0.005
6461.66706 12.139 0.005
6461.72390 12.131 0.005
6461.78525 12.140 0.005
6461.83680 12.156 0.005
6461.88717 12.135 0.005
6462.61061 12.158 0.005
6462.65222 12.155 0.005
6462.70435 12.141 0.005
6462.83127 12.152 0.005
6462.87221 12.147 0.005
6463.50553 12.156 0.005
6463.56615 12.165 0.005
6463.60531 12.163 0.005
6463.64651 12.166 0.005
6463.70180 12.168 0.005
6463.75532 12.186 0.005
6463.79661 12.181 0.005
6463.83779 12.184 0.005
6463.87211 12.169 0.005
6464.53135 12.183 0.005
6464.61404 12.196 0.005
6464.65445 12.189 0.005
6464.70211 12.202 0.005
6464.75431 12.205 0.005
6464.80517 12.207 0.005
6464.84682 12.203 0.005
6468.52949 12.280 0.005
6468.57186 12.286 0.005
6468.61197 12.286 0.005
6468.65314 12.285 0.005
6468.68233 12.283 0.005
6468.72524 12.286 0.005
6468.77572 12.286 0.005
6469.50444 12.304 0.005
6469.55389 12.304 0.005
6469.59410 12.307 0.005
6469.63426 12.322 0.005
6469.69963 12.310 0.005
6469.74124 12.313 0.005
6469.78171 12.312 0.005
6469.85437 12.308 0.005
6471.60802 12.359 0.005
6471.64969 12.360 0.005
6472.61926 12.391 0.005
6472.65573 12.388 0.005
6472.70854 12.396 0.005
6472.76018 12.392 0.005
6472.80075 12.392 0.005
6472.84136 12.384 0.005
6473.55079 12.414 0.005
6473.59304 12.412 0.005
6473.63338 12.430 0.005
6473.68549 12.425 0.005
6473.73632 12.428 0.005
6473.77740 12.420 0.005
6473.81778 12.420 0.005
6473.85842 12.432 0.005
6474.49539 12.440 0.005
6474.53991 12.440 0.005
6474.58007 12.448 0.005
6474.62540 12.443 0.005
6474.66676 12.449 0.005
6474.72098 12.450 0.005
6474.77079 12.454 0.005
6474.81112 12.446 0.005
6474.85134 12.439 0.005
6475.48702 12.466 0.005
6475.50725 12.464 0.005
6475.52984 12.469 0.005
6475.55037 12.478 0.005
6475.57196 12.475 0.005
6475.59936 12.474 0.005
6475.63318 12.479 0.005
6475.65846 12.483 0.005
6475.68428 12.485 0.005
6475.71164 12.485 0.005
6475.73341 12.491 0.005
6475.77371 12.488 0.005
6475.79413 12.489 0.005
6475.81583 12.479 0.005
6475.85531 12.475 0.005
6476.49989 12.513 0.005
6476.54062 12.506 0.005
6476.58147 12.507 0.005
6476.62284 12.510 0.005
6476.68829 12.519 0.005
6476.72917 12.522 0.005
6476.76994 12.518 0.005
6476.81048 12.508 0.005
6477.49018 12.534 0.005
6477.53396 12.531 0.005
6477.57513 12.537 0.005
6477.61581 12.537 0.005
6477.68165 12.546 0.005
6477.72244 12.545 0.005
6477.76298 12.541 0.005
6477.80408 12.534 0.005
6478.53144 12.564 0.005
6478.57175 12.573 0.005
6478.61194 12.570 0.005
6478.66772 12.569 0.005
6479.56620 12.602 0.005
6479.60714 12.604 0.005
6479.64942 12.604 0.005
6479.70396 12.606 0.005
6479.72529 12.602 0.005
6479.76121 12.606 0.005
6479.79461 12.602 0.005
6479.82624 12.603 0.005
6480.53016 12.628 0.005
6480.57358 12.631 0.005
6480.61415 12.633 0.005
6480.67664 12.638 0.005
6480.71681 12.640 0.005
6480.75753 12.640 0.005
6480.79905 12.637 0.005
6481.47023 12.662 0.005
6481.51131 12.665 0.005
6481.55436 12.660 0.005
6481.59594 12.665 0.005
6481.61056 12.668 0.005
6481.71349 12.675 0.005
6481.75453 12.672 0.005
6481.79825 12.670 0.005
6482.73878 12.707 0.005
6482.76071 12.704 0.005
6482.77158 12.708 0.005
6483.58267 12.727 0.005
6483.63563 12.740 0.005
6484.49497 12.769 0.005
6484.53542 12.768 0.005
6485.47009 12.801 0.005
6485.51412 12.804 0.005
6485.56138 12.810 0.005
6485.64022 12.816 0.005
6485.70275 12.819 0.005
6485.74558 12.819 0.005
6485.79162 12.814 0.005
6486.47200 12.839 0.005
6486.51449 12.841 0.005
6486.56083 12.849 0.005
6486.61107 12.847 0.005
6486.67198 12.855 0.005
6486.72485 12.846 0.005
6486.76992 12.855 0.005
6486.81360 12.852 0.005
6487.47019 12.884 0.005
6487.51440 12.881 0.005
6487.56046 12.885 0.005
6487.60166 12.887 0.005
6487.67440 12.889 0.005
6487.71571 12.894 0.005
6487.75888 12.890 0.005
6487.80421 12.900 0.005
6489.52064 12.964 0.005
6489.56285 12.965 0.005
6489.60940 12.973 0.005
6489.67487 12.967 0.005
6489.71708 12.961 0.005
6489.76375 12.967 0.005
6490.49392 12.980 0.005
6490.53470 12.986 0.005
6490.57591 12.989 0.005
6490.63584 12.997 0.005
6490.68103 12.995 0.005
6490.72167 12.996 0.005
6490.76567 12.999 0.005
6491.46154 13.021 0.005
6491.48185 13.022 0.005
6491.50420 13.016 0.005
6491.52479 13.025 0.005
6491.54954 13.025 0.005
6491.58651 13.028 0.005
6491.60953 13.028 0.005
6491.64381 13.026 0.005
6491.67565 13.036 0.005
6491.68115 13.033 0.005
6491.70153 13.032 0.005
6491.72341 13.034 0.005
6491.74341 13.032 0.005
6491.76574 13.032 0.005
6491.78586 13.032 0.005
6492.46333 13.055 0.005
6492.47763 13.055 0.005
6492.49355 13.054 0.005
6492.51058 13.057 0.005
6492.52477 13.056 0.005
6492.54008 13.061 0.005
6492.55537 13.057 0.005
6492.57089 13.063 0.005
6492.59032 13.058 0.005
6492.60553 13.061 0.005
6492.65526 13.063 0.005
6492.68361 13.068 0.005
6492.69894 13.077 0.005
6492.72717 13.077 0.005
6492.77090 13.078 0.005
6496.49888 13.211 0.005
6496.53897 13.201 0.005
6496.57932 13.212 0.005
6496.76947 13.213 0.005
6496.78424 13.214 0.005
6497.58355 13.248 0.005
6497.63598 13.251 0.005
6497.68658 13.250 0.005
6497.72771 13.249 0.005
6497.76846 13.255 0.005
6498.46937 13.282 0.005
6498.51291 13.283 0.005
6498.55802 13.288 0.005
6498.60261 13.284 0.005
6498.64957 13.288 0.005
6498.69238 13.288 0.005
6498.73568 13.292 0.005
6498.78122 13.285 0.005
6499.48354 13.312 0.005
6499.52733 13.315 0.005
6499.57003 13.327 0.005
6500.53935 13.364 0.005
6500.60852 13.360 0.005
6500.68084 13.362 0.005
6500.73220 13.377 0.005
6501.55932 13.396 0.005
6501.61999 13.403 0.005
6501.66541 13.399 0.005
6501.70782 13.395 0.005
6501.75074 13.389 0.005
6504.60877 13.502 0.005
6504.63079 13.502 0.005
6504.64955 13.496 0.005
6504.69301 13.500 0.005
6504.73576 13.501 0.005
6505.48710 13.533 0.005
6505.54815 13.522 0.005
6505.62201 13.521 0.005
6505.66287 13.532 0.005
6505.70460 13.533 0.005
6505.74670 13.534 0.005
6506.47749 13.553 0.005
6506.58519 13.565 0.005
6506.66086 13.571 0.005
6506.72250 13.558 0.005
6506.76362 13.505 0.005
6507.66432 13.572 0.005
6507.72138 13.572 0.005
6508.48015 13.629 0.005
6508.53908 13.616 0.005
6508.58303 13.640 0.005
6508.63011 13.628 0.005
6508.67208 13.623 0.005
6508.73150 13.636 0.005
6509.54375 13.636 0.005
6509.59559 13.639 0.005
6509.63768 13.636 0.005
6509.67899 13.644 0.005
6509.72152 13.652 0.005
6510.51321 13.655 0.005
6510.56576 13.657 0.005
6510.61162 13.671 0.005
6510.65367 13.670 0.005
6510.72386 13.690 0.005
6511.47536 13.714 0.005
6511.54329 13.681 0.005
6511.61374 13.698 0.005
6511.66874 13.693 0.005
6511.71815 13.706 0.005
6512.72056 13.754 0.005
6514.47645 13.779 0.005
6514.53770 13.794 0.005
6514.62222 13.784 0.005
6514.67321 13.781 0.005
6514.72826 13.792 0.005
6515.49087 13.795 0.005
6515.56195 13.816 0.005
6515.62460 13.809 0.005
6515.71341 13.824 0.005
6516.47843 13.831 0.005
6516.54836 13.840 0.005
6516.61624 13.843 0.005
6516.67062 13.851 0.005
6518.51373 13.881 0.005
6518.57661 13.877 0.005
6518.62882 13.891 0.005
6518.67604 13.889 0.005
6518.72220 13.916 0.005
6519.50966 13.915 0.005
6519.58165 13.886 0.005
6519.62970 13.907 0.005
6519.68208 13.913 0.005
6519.72903 13.921 0.005
6523.51411 14.011 0.005
6523.55257 14.012 0.005
6523.58987 13.996 0.005
6523.62896 13.987 0.005
6523.66954 13.987 0.005
6524.48735 14.017 0.005
6524.53610 14.026 0.005
6524.58363 14.023 0.005
6524.63198 14.000 0.005
6525.48801 14.041 0.005
6525.53797 14.004 0.005
6525.58522 14.009 0.005
6525.64087 14.002 0.005
6526.63147 14.032 0.005
6527.57326 14.047 0.005
6528.56660 14.083 0.005
6529.56724 14.096 0.005
6529.60869 14.078 0.005
6529.65156 14.079 0.005
6531.47563 14.108 0.005
6531.53481 14.124 0.005
6531.59652 14.094 0.005
6531.64401 14.105 0.005
6532.47737 14.093 0.005
6532.53315 14.080 0.005
6532.57648 14.080 0.005
6532.63605 14.109 0.005
6533.48837 14.059 0.005
6533.54732 14.086 0.005
6533.60785 14.111 0.005
6534.50601 14.086 0.005
6534.56812 14.099 0.005
6534.60954 14.115 0.005
6534.65245 14.133 0.005
6536.49036 14.111 0.005
6536.59008 14.108 0.005
6536.63260 14.120 0.005
6538.48919 14.107 0.005
6538.52728 14.097 0.005
6538.57499 14.097 0.005
6538.58195 14.096 0.005
6539.47819 14.129 0.005
6539.52958 14.074 0.005
6539.57876 14.083 0.005
6539.63830 14.080 0.005
6541.47563 14.114 0.005
6541.52541 14.112 0.005
6541.58911 14.078 0.005
6543.53269 14.049 0.005
6543.58419 14.068 0.005
6543.62853 14.094 0.005
6544.52006 14.025 0.005
6544.57063 14.068 0.005
6545.48259 14.049 0.005
6545.52805 14.036 0.005
6545.57312 14.050 0.005
6545.61902 14.044 0.005
6546.49045 13.968 0.005
6546.55862 13.983 0.005
6546.61285 14.041 0.005
6547.58559 13.971 0.005
6551.48418 13.850 0.005
6551.57389 13.871 0.005
6552.57760 13.867 0.005
6555.54540 13.741 0.005
6555.59713 13.749 0.005
6556.61540 13.722 0.005
6558.49349 13.686 0.005
6558.53758 13.679 0.005
6558.58133 13.690 0.005
6559.53688 13.632 0.005
6559.57704 13.641 0.005
6560.48453 13.621 0.005
6560.53787 13.603 0.005
6560.58671 13.595 0.005
6561.54179 13.564 0.005
6562.49695 13.537 0.005
6562.54411 13.545 0.005
6562.59102 13.532 0.005
6563.57012 13.474 0.005
6564.50841 13.458 0.005
6564.54945 13.471 0.005
6564.59414 13.471 0.005
6565.52091 13.432 0.005
6565.57172 13.425 0.005
6567.49848 13.348 0.005
6568.49974 13.330 0.005
6568.54622 13.335 0.005
6568.59015 13.323 0.005
6569.50525 13.315 0.005
6569.54633 13.306 0.005
6569.58738 13.308 0.005
6570.50102 13.269 0.005
6570.56517 13.269 0.005
6571.53075 13.241 0.005
6571.57762 13.246 0.005
6572.49901 13.222 0.005
6572.55920 13.223 0.005
6573.47963 13.190 0.005
6573.52487 13.195 0.005
6573.56966 13.196 0.005
6573.57832 13.196 0.005
6578.48440 13.071 0.005
6578.53342 13.060 0.005
6579.51037 13.043 0.005
6579.56009 13.040 0.005
6581.48588 12.986 0.005
6581.53207 12.988 0.005
6582.49710 12.950 0.005
6582.55157 12.941 0.005
6583.50286 12.929 0.005
6583.54815 12.924 0.005
6584.50399 12.904 0.005
6584.55002 12.910 0.005
6585.50608 12.885 0.005
6585.55070 12.879 0.005
6590.50000 12.791 0.005
6592.50032 12.760 0.005
6593.52398 12.740 0.005
6595.50186 12.706 0.005
6687.87034 12.154 0.005
6688.86864 12.162 0.005
6689.87055 12.174 0.005
6690.86455 12.183 0.005
6691.86332 12.194 0.005
6691.88498 12.206 0.005
6692.86491 12.209 0.005
6693.85769 12.227 0.005
6693.87605 12.239 0.005
6694.85588 12.244 0.005
6694.89235 12.255 0.005
6695.86111 12.273 0.005
6696.85412 12.292 0.005
6697.85194 12.294 0.005
6698.87495 12.318 0.005
6699.85976 12.342 0.005
6699.88964 12.346 0.005
6700.88201 12.366 0.005
6701.88554 12.392 0.005
6702.85747 12.402 0.005
6703.84520 12.419 0.005
6704.86133 12.453 0.005
6705.85942 12.466 0.005
6705.89093 12.466 0.005
6707.85695 12.517 0.005
6708.83273 12.554 0.005
6708.87745 12.544 0.005
6709.84570 12.561 0.005
6709.88900 12.564 0.005
6710.86196 12.593 0.005
6714.87096 12.679 0.005
6715.83026 12.718 0.005
6715.87557 12.716 0.005
6716.82237 12.747 0.005
6716.86563 12.743 0.005
6717.82474 12.765 0.005
6717.87804 12.763 0.005
6718.84256 12.791 0.005
6718.89810 12.790 0.005
6719.84021 12.818 0.005
6719.88790 12.818 0.005
6720.81606 12.852 0.005
6720.86461 12.849 0.005
6721.79956 12.869 0.005
6721.84351 12.874 0.005
6721.88821 12.880 0.005
6722.82346 12.894 0.005
6722.87241 12.898 0.005
6723.79442 12.924 0.005
6723.84894 12.927 0.005
6723.89668 12.939 0.005
6724.82929 12.953 0.005
6724.87623 12.954 0.005
6725.80365 12.986 0.005
6725.85319 12.984 0.005
6725.89905 12.989 0.005
6726.81581 13.011 0.005
6726.86724 13.012 0.005
6726.91063 13.020 0.005
6727.82162 13.043 0.005
6727.87076 13.042 0.005
6728.78640 13.077 0.005
6728.83941 13.069 0.005
6728.88472 13.073 0.005
6729.79190 13.100 0.005
6729.84246 13.099 0.005
6729.88763 13.104 0.005
6730.79059 13.130 0.005
6730.84180 13.125 0.005
6730.88926 13.131 0.005
6731.88757 13.164 0.005
6732.80073 13.188 0.005
6732.85015 13.188 0.005
6732.89350 13.195 0.005
6733.78647 13.220 0.005
6733.83557 13.214 0.005
6733.87914 13.219 0.005
6734.76832 13.243 0.005
6734.81736 13.246 0.005
6734.86539 13.249 0.005
6734.90950 13.256 0.005
6735.79456 13.272 0.005
6735.85892 13.279 0.005
6735.90221 13.282 0.005
6736.77582 13.308 0.005
6736.82477 13.309 0.005
6736.87910 13.309 0.005
6737.78568 13.334 0.005
6737.83267 13.332 0.005
6737.86529 13.337 0.005
6737.91021 13.333 0.005
6741.82888 13.440 0.005
6741.86087 13.436 0.005
6741.87701 13.437 0.005
6741.89009 13.440 0.005
6741.89746 13.436 0.005
6741.91364 13.441 0.005
6742.78997 13.480 0.005
6742.83673 13.467 0.005
6742.87973 13.474 0.005
6743.87808 13.507 0.005
6744.79878 13.528 0.005
6744.84586 13.525 0.005
6744.88936 13.539 0.005
6745.72943 13.545 0.005
6745.76481 13.558 0.005
6745.78114 13.551 0.005
6745.82625 13.553 0.005
6745.86939 13.549 0.005
6745.91305 13.546 0.005
6746.77293 13.583 0.005
6746.81961 13.572 0.005
6746.86295 13.576 0.005
6747.82670 13.600 0.005
6747.87635 13.602 0.005
6747.92046 13.616 0.005
6748.80448 13.624 0.005
6748.86188 13.621 0.005
6748.91596 13.632 0.005
6749.76868 13.651 0.005
6749.81521 13.638 0.005
6749.85819 13.640 0.005
6749.91154 13.649 0.005
6750.79323 13.674 0.005
6750.89935 13.669 0.005
6751.72281 13.701 0.005
6751.73926 13.699 0.005
6751.80760 13.678 0.005
6751.85804 13.698 0.005
6751.90452 13.684 0.005
6752.71466 13.721 0.005
6752.79909 13.709 0.005
6752.84437 13.711 0.005
6752.91924 13.705 0.005
6753.89136 13.730 0.005
6754.70885 13.759 0.005
6754.80358 13.748 0.005
6754.85996 13.748 0.005
6754.91137 13.730 0.005
6755.79077 13.786 0.005
6755.84077 13.769 0.005
6755.89551 13.767 0.005
6756.69614 13.810 0.005
6756.76084 13.777 0.005
6756.82036 13.784 0.005
6756.86363 13.764 0.005
6756.91818 13.769 0.005
6757.73849 13.783 0.005
6757.78757 13.781 0.005
6757.84521 13.800 0.005
6757.89511 13.791 0.005
6758.71490 13.819 0.005
6758.83503 13.820 0.005
6758.89181 13.821 0.005
6759.68939 13.848 0.005
6759.74118 13.843 0.005
6759.80029 13.820 0.005
6759.85551 13.849 0.005
6759.90137 13.839 0.005
6760.69347 13.857 0.005
6760.74637 13.832 0.005
6760.80531 13.826 0.005
6760.85092 13.837 0.005
6761.70884 13.884 0.005
6761.75901 13.846 0.005
6761.80251 13.847 0.005
6761.84662 13.829 0.005
6761.89791 13.836 0.005
6762.71897 13.860 0.005
6762.76662 13.860 0.005
6762.86254 13.869 0.005
6762.90804 13.862 0.005
6763.70688 13.878 0.005
6763.75470 13.865 0.005
6763.80121 13.872 0.005
6763.85837 13.854 0.005
6763.90404 13.875 0.005
6764.70224 13.895 0.005
6764.75551 13.896 0.005
6764.80354 13.898 0.005
6764.84656 13.898 0.005
6764.89211 13.885 0.005
6765.91251 13.919 0.005
6765.93199 13.889 0.005
6768.75804 13.915 0.005
6768.80887 13.935 0.005
6768.86188 13.898 0.005
6768.91403 13.931 0.005
6769.68910 13.959 0.005
6769.73634 13.934 0.005
6769.78215 13.930 0.005
6769.82610 13.929 0.005
6769.87000 13.921 0.005
6769.91401 13.925 0.005
6770.69766 13.936 0.005
6770.74189 13.927 0.005
6770.78556 13.917 0.005
6770.82944 13.921 0.005
6770.87516 13.914 0.005
6771.66989 13.946 0.005
6771.68819 13.934 0.005
6771.73410 13.921 0.005
6771.79399 13.934 0.005
6771.85286 13.910 0.005
6771.89796 13.930 0.005
6772.67337 13.946 0.005
6772.71910 13.932 0.005
6772.78179 13.940 0.005
6772.82537 13.944 0.005
6772.88418 13.922 0.005
6772.92780 13.931 0.005
6773.71392 13.949 0.005
6773.76319 13.954 0.005
6773.81673 13.947 0.005
6773.87272 13.943 0.005
6773.91595 13.936 0.005
6774.69688 13.952 0.005
6774.74475 13.933 0.005
6774.79021 13.936 0.005
6774.83362 13.950 0.005
6775.67726 13.938 0.005
6775.72581 13.941 0.005
6775.78619 13.969 0.005
6775.84067 13.955 0.005
6775.89712 13.932 0.005
6776.65902 13.951 0.005
6776.71707 13.936 0.005
6776.77733 13.957 0.005
6776.82670 13.958 0.005
6776.88615 13.928 0.005
6777.72515 13.932 0.005
6777.77703 13.914 0.005
6777.82280 13.930 0.005
6777.90641 13.941 0.005
6784.64826 13.878 0.005
6784.70631 13.865 0.005
6784.75700 13.860 0.005
6784.80601 13.859 0.005
6784.85776 13.847 0.005
6784.90255 13.840 0.005
6785.63418 13.841 0.005
6785.68322 13.825 0.005
6785.73058 13.827 0.005
6785.78535 13.839 0.005
6785.84261 13.827 0.005
6785.89913 13.817 0.005
6786.64505 13.821 0.005
6786.69135 13.812 0.005
6786.74915 13.818 0.005
6786.80466 13.819 0.005
6786.83041 13.815 0.005
6786.87534 13.821 0.005
6786.92167 13.827 0.005
6787.72641 13.795 0.005
6787.78972 13.803 0.005
6787.83528 13.797 0.005
6788.80859 13.777 0.005
6789.63598 13.770 0.005
6789.67998 13.776 0.005
6789.72379 13.770 0.005
6789.76706 13.765 0.005
6789.81531 13.761 0.005
6789.86910 13.752 0.005
6789.92685 13.759 0.005
6790.63768 13.752 0.005
6790.68147 13.748 0.005
6790.72496 13.746 0.005
6790.76904 13.735 0.005
6790.82161 13.725 0.005
6790.86729 13.735 0.005
6790.92085 13.738 0.005
6791.63014 13.720 0.005
6791.67413 13.725 0.005
6791.72320 13.718 0.005
6791.76738 13.714 0.005
6791.81656 13.710 0.005
6791.86316 13.706 0.005
6791.90869 13.713 0.005
6792.61842 13.697 0.005
6792.66452 13.700 0.005
6792.70598 13.686 0.005
6792.75385 13.689 0.005
6792.83308 13.682 0.005
6792.86628 13.687 0.005
6796.60482 13.574 0.005
6796.64896 13.560 0.005
6796.69715 13.558 0.005
6796.74083 13.565 0.005
6796.78844 13.561 0.005
6796.83776 13.556 0.005
6796.88258 13.571 0.005
6796.92694 13.568 0.005
6797.62606 13.543 0.005
6797.66245 13.532 0.005
6797.71661 13.530 0.005
6797.76593 13.537 0.005
6797.81238 13.539 0.005
6797.85589 13.536 0.005
6797.89522 13.543 0.005
6797.93401 13.537 0.005
6798.67105 13.498 0.005
6798.75654 13.489 0.005
6798.81742 13.489 0.005
6798.86214 13.499 0.005
6799.78305 13.455 0.005
6799.85757 13.460 0.005
6799.91533 13.464 0.005
6803.62481 13.364 0.005
6803.69077 13.352 0.005
6803.73903 13.351 0.005
6803.78933 13.352 0.005
6803.83761 13.348 0.005
6803.87916 13.350 0.005
6803.91718 13.349 0.005
6804.57169 13.328 0.005
6804.61572 13.320 0.005
6804.66402 13.317 0.005
6804.71750 13.322 0.005
6804.76637 13.326 0.005
6804.82146 13.316 0.005
6804.86594 13.315 0.005
6804.90754 13.314 0.005
6805.61936 13.288 0.005
6805.66901 13.289 0.005
6805.71556 13.290 0.005
6805.78299 13.284 0.005
6805.82678 13.289 0.005
6805.87024 13.285 0.005
6805.91412 13.283 0.005
6806.84913 13.262 0.005
6806.89611 13.250 0.005
6807.63647 13.227 0.005
6807.69796 13.227 0.005
6807.74782 13.223 0.005
6807.79518 13.223 0.005
6807.83996 13.221 0.005
6807.88387 13.222 0.005
6808.59738 13.191 0.005
6808.64323 13.193 0.005
6808.68988 13.198 0.005
6808.75742 13.203 0.005
6808.80280 13.196 0.005
6808.84830 13.195 0.005
6808.89262 13.196 0.005
6808.93196 13.192 0.005
6809.58793 13.166 0.005
6809.64625 13.171 0.005
6809.70375 13.185 0.005
6809.76143 13.173 0.005
6809.81684 13.161 0.005
6809.87117 13.159 0.005
6809.91318 13.154 0.005
6810.58370 13.128 0.005
6810.63089 13.134 0.005
6810.67663 13.135 0.005
6810.73336 13.138 0.005
6810.78872 13.134 0.005
6810.84275 13.129 0.005
6810.88808 13.132 0.005
6810.92842 13.124 0.005
6811.58258 13.106 0.005
6811.62677 13.104 0.005
6811.67412 13.105 0.005
6811.73047 13.103 0.005
6811.79258 13.102 0.005
6811.83879 13.099 0.005
6811.88724 13.105 0.005
6811.92860 13.096 0.005
6813.61946 13.046 0.005
6813.67152 13.046 0.005
6813.72088 13.051 0.005
6813.78161 13.046 0.005
6813.83501 13.050 0.005
6813.88582 13.051 0.005
6813.92786 13.051 0.005
6814.61483 13.012 0.005
6814.67346 13.023 0.005
6814.75099 13.023 0.005
6814.79642 13.015 0.005
6814.84073 13.018 0.005
6814.88644 13.012 0.005
6815.59558 12.992 0.005
6815.64245 12.991 0.005
6815.69044 12.992 0.005
6815.76912 12.990 0.005
6815.82272 12.996 0.005
6815.87329 12.993 0.005
6815.91798 12.986 0.005
6816.58397 12.963 0.005
6816.64602 12.959 0.005
6816.71181 12.956 0.005
6816.76800 12.960 0.005
6816.82255 12.955 0.005
6816.87236 12.951 0.005
6817.58696 12.943 0.005
6817.63414 12.940 0.005
6817.68343 12.937 0.005
6817.73393 12.939 0.005
6817.77885 12.930 0.005
6817.83258 12.924 0.005
6817.88630 12.921 0.005
6818.57307 12.914 0.005
6818.85391 12.901 0.005
6819.56650 12.890 0.005
6819.60391 12.891 0.005
6819.64123 12.891 0.005
6819.68101 12.893 0.005
6819.73082 12.884 0.005
6819.77068 12.884 0.005
6819.82096 12.883 0.005
6819.86617 12.879 0.005
6823.70064 12.801 0.005
6823.73911 12.795 0.005
6823.78507 12.792 0.005
6823.83005 12.788 0.005
6823.87104 12.785 0.005
6824.54549 12.759 0.005
6824.59379 12.765 0.005
6824.64662 12.762 0.005
6824.69775 12.766 0.005
6824.76582 12.762 0.005
6824.81053 12.757 0.005
6824.85541 12.756 0.005
6824.89746 12.751 0.005
6825.56243 12.743 0.005
6825.60622 12.742 0.005
6825.65086 12.748 0.005
6825.70737 12.746 0.005
6825.76327 12.747 0.005
6825.80805 12.741 0.005
6825.85283 12.733 0.005
6826.52940 12.711 0.005
6826.57455 12.718 0.005
6826.61819 12.716 0.005
6826.66262 12.728 0.005
6826.73013 12.721 0.005
6826.77511 12.724 0.005
6826.83244 12.711 0.005
6826.88510 12.710 0.005
6827.54472 12.698 0.005
6827.58962 12.703 0.005
6827.63468 12.708 0.005
6827.70265 12.708 0.005
6827.76929 12.704 0.005
6827.81428 12.699 0.005
6827.85885 12.695 0.005
6828.54424 12.674 0.005
6828.59012 12.672 0.005
6828.63564 12.683 0.005
6828.69157 12.685 0.005
6828.76040 12.682 0.005
6828.81388 12.677 0.005
6828.85756 12.675 0.005
6829.54400 12.657 0.005
6829.58851 12.657 0.005
6829.64253 12.657 0.005
6829.69985 12.654 0.005
6829.74421 12.656 0.005
6829.78834 12.655 0.005
6829.83172 12.655 0.005
6829.87277 12.653 0.005
6830.54902 12.639 0.005
6830.59614 12.647 0.005
6830.64999 12.659 0.005
6830.70794 12.649 0.005
6830.75291 12.653 0.005
6830.79705 12.638 0.005
6830.84896 12.645 0.005
6831.52750 12.625 0.005
6831.61563 12.649 0.005
6831.65920 12.647 0.005
6831.72792 12.645 0.005
6831.77266 12.630 0.005
6831.82155 12.622 0.005
6831.86330 12.613 0.005
6832.52071 12.612 0.005
6832.57212 12.608 0.005
6832.61681 12.608 0.005
6832.68396 12.603 0.005
6832.73044 12.614 0.005
6832.77545 12.604 0.005
6832.82102 12.598 0.005
6833.52527 12.586 0.005
6833.57059 12.581 0.005
6833.62071 12.587 0.005
6833.68797 12.587 0.005
6833.73421 12.597 0.005
6833.77803 12.597 0.005
6833.82218 12.584 0.005
6833.86164 12.579 0.005
6834.51217 12.569 0.005
6834.55706 12.571 0.005
6834.60063 12.574 0.005
6834.64381 12.574 0.005
6834.71024 12.583 0.005
6834.75489 12.579 0.005
6834.79926 12.567 0.005
6834.84167 12.570 0.005
6835.53424 12.558 0.005
6835.57975 12.556 0.005
6835.62303 12.557 0.005
6835.68878 12.558 0.005
6835.73304 12.556 0.005
6835.77731 12.554 0.005
6835.82141 12.549 0.005
6835.86299 12.544 0.005
6836.53232 12.537 0.005
6836.58936 12.537 0.005
6836.62973 12.534 0.005
6836.68973 12.540 0.005
6836.73672 12.534 0.005
6836.78111 12.531 0.005
6836.82520 12.533 0.005
6837.49244 12.530 0.005
6837.53626 12.537 0.005
6837.57955 12.544 0.005
6837.62294 12.538 0.005
6837.68808 12.531 0.005
6837.73163 12.533 0.005
6837.77609 12.526 0.005
6837.82012 12.517 0.005
6837.85665 12.508 0.005
6838.51719 12.498 0.005
6838.56296 12.496 0.005
6838.60818 12.507 0.005
6838.66198 12.506 0.005
6838.71787 12.519 0.005
6838.76150 12.501 0.005
6838.80575 12.499 0.005
6838.84596 12.492 0.005
6839.51502 12.491 0.005
6839.56143 12.484 0.005
6839.60530 12.477 0.005
6839.65127 12.499 0.005
6839.71870 12.484 0.005
6839.76259 12.485 0.005
6839.80749 12.479 0.005
6839.84450 12.472 0.005
6840.54517 12.461 0.005
6840.59075 12.463 0.005
6840.64296 12.461 0.005
6840.70958 12.465 0.005
6840.75309 12.468 0.005
6840.79690 12.452 0.005
6841.53635 12.439 0.005
6841.59117 12.462 0.005
6841.64693 12.454 0.005
6841.70266 12.442 0.005
6841.74576 12.442 0.005
6841.79000 12.434 0.005
6841.82971 12.429 0.005
6842.51833 12.414 0.005
6842.56248 12.414 0.005
6842.60577 12.420 0.005
6842.67067 12.428 0.005
6842.71460 12.418 0.005
6842.76019 12.416 0.005
6842.80389 12.410 0.005
6844.47370 12.370 0.005
6844.51725 12.390 0.005
6844.56208 12.388 0.005
6844.60564 12.391 0.005
6844.66359 12.391 0.005
6844.71991 12.380 0.005
6844.76537 12.370 0.005
6844.80876 12.360 0.005
6844.84555 12.356 0.005
6845.48037 12.348 0.005
6845.52365 12.363 0.005
6845.56671 12.360 0.005
6845.60986 12.364 0.005
6845.66389 12.373 0.005
6845.71765 12.364 0.005
6845.76155 12.354 0.005
6845.80586 12.338 0.005
6846.81340 12.320 0.005
6847.49510 12.309 0.005
6847.53233 12.312 0.005
6847.57114 12.306 0.005
6847.60821 12.315 0.005
6847.64984 12.315 0.005
6847.68872 12.308 0.005
6847.72618 12.315 0.005
6847.76336 12.306 0.005
6847.80067 12.283 0.005
6850.62755 12.202 0.005
6850.64998 12.205 0.005
6851.49973 12.177 0.005
6851.54952 12.180 0.005
6851.59605 12.185 0.005
6851.64557 12.187 0.005
6851.69182 12.181 0.005
6851.73857 12.162 0.005
6851.78465 12.162 0.005
6852.47674 12.127 0.005
6852.52477 12.130 0.005
6852.57693 12.134 0.005
6852.63136 12.134 0.005
6852.69219 12.123 0.005
6852.74249 12.130 0.005
6853.74653 12.093 0.005
6854.50636 12.086 0.005
6854.51452 12.073 0.005
6854.53056 12.078 0.005
6854.54763 12.089 0.005
6854.67579 12.075 0.005
6855.47008 12.065 0.005
6855.51604 12.050 0.005
6855.56353 12.044 0.005
6855.60762 12.052 0.005
6855.67482 12.063 0.005
6855.71928 12.058 0.005
6855.76553 12.037 0.005
6855.80008 12.036 0.005
6856.48544 12.022 0.005
6856.53073 12.029 0.005
6856.57470 12.029 0.005
6856.64133 12.036 0.005
6856.68547 12.035 0.005
6856.72889 12.034 0.005
6856.77552 12.018 0.005
6857.47012 12.006 0.005
6857.51403 12.008 0.005
6857.55861 12.015 0.005
6857.61367 11.991 0.005
6857.67167 12.004 0.005
6857.71548 11.999 0.005
6857.76704 12.002 0.005
6858.46997 11.999 0.005
6858.51425 11.981 0.005
6858.55886 11.961 0.005
6858.62425 11.957 0.005
6858.67007 11.967 0.005
6858.71440 11.969 0.005
6858.76069 11.965 0.005
6859.57277 11.942 0.005
6859.63273 11.947 0.005
6859.68727 11.951 0.005
6859.73703 11.935 0.005
6859.77640 11.925 0.005
6862.55919 11.875 0.005
6862.62679 11.892 0.005
6862.67068 11.881 0.005
6862.71741 11.883 0.005
6862.75934 11.881 0.005
6863.48471 11.859 0.005
6863.52928 11.863 0.005
6863.59905 11.832 0.005
6863.64457 11.870 0.005
6863.68968 11.865 0.005
6863.73698 11.859 0.005
6863.77486 11.859 0.005
6864.50137 11.869 0.005
6864.54670 11.842 0.005
6864.61314 11.864 0.005
6864.65823 11.859 0.005
6864.70422 11.851 0.005
6864.75363 11.843 0.005
6865.54598 11.846 0.005
6865.65131 11.831 0.005
6866.55552 11.815 0.005
6866.72867 11.825 0.005
6867.64298 11.802 0.005
6870.52745 11.789 0.005
6870.58077 11.799 0.005
6870.67155 11.800 0.005
6870.72307 11.790 0.005
6871.53702 11.769 0.005
6871.60755 11.782 0.005
6872.51416 11.763 0.005
6872.59066 11.760 0.005
6872.64773 11.763 0.005
6872.71615 11.750 0.005
6873.49759 11.748 0.005
6873.57365 11.746 0.005
6874.55263 11.746 0.005
6874.64114 11.733 0.005
6874.70547 11.721 0.005
6878.57372 11.675 0.005
6879.51872 11.670 0.005
6879.57814 11.661 0.005
6879.64708 11.672 0.005
6879.70924 11.661 0.005
6879.75614 11.649 0.005
6880.56117 11.664 0.005
6880.62099 11.658 0.005
6880.67526 11.652 0.005
6880.72127 11.653 0.005
6881.48314 11.648 0.005
6881.55673 11.654 0.005
6881.62477 11.654 0.005
6881.69406 11.654 0.005
6882.47643 11.647 0.005
6882.53180 11.647 0.005
6882.57990 11.649 0.005
6882.62543 11.627 0.005
6882.67388 11.628 0.005
6882.72202 11.639 0.005
6883.47597 11.631 0.005
6883.50905 11.640 0.005
6883.55371 11.642 0.005
6883.59744 11.635 0.005
6883.62766 11.631 0.005
6883.64957 11.638 0.005
6883.66644 11.640 0.005
6883.68396 11.639 0.005
6883.72877 11.638 0.005
6884.67720 11.622 0.005
6884.71954 11.614 0.005
6885.48945 11.641 0.005
6885.55756 11.636 0.005
6885.60315 11.611 0.005
6885.65139 11.628 0.005
6885.69906 11.636 0.005
6886.47490 11.634 0.005
6886.53401 11.633 0.005
6886.59146 11.602 0.005
6886.63775 11.615 0.005
6886.68380 11.620 0.005
6887.47524 11.613 0.005
6887.54145 11.633 0.005
6887.59073 11.588 0.005
6887.63774 11.631 0.005
6887.68768 11.629 0.005
6888.47332 11.585 0.005
6888.53988 11.603 0.005
6888.58619 11.638 0.005
6888.63742 11.624 0.005
6888.68900 11.632 0.005
6889.48988 11.626 0.005
6889.55652 11.634 0.005
6889.60388 11.623 0.005
6889.65113 11.626 0.005
6889.69628 11.622 0.005
6890.50058 11.631 0.005
6890.56027 11.636 0.005
6890.60689 11.632 0.005
6890.65150 11.629 0.005
6890.69365 11.618 0.005
6891.50342 11.634 0.005
6891.56213 11.627 0.005
6891.61116 11.633 0.005
6891.65673 11.633 0.005
6891.69940 11.626 0.005
6895.49838 11.641 0.005
6895.56811 11.633 0.005
6895.61272 11.643 0.005
6895.66169 11.647 0.005
6896.47802 11.650 0.005
6896.55131 11.664 0.005
6896.59582 11.653 0.005
6896.63983 11.662 0.005
6898.51392 11.672 0.005
6898.61119 11.684 0.005
6900.49626 11.695 0.005
6900.53986 11.654 0.005
6907.51365 11.776 0.005
6907.55752 11.781 0.005
6907.60085 11.782 0.005
6907.64462 11.774 0.005
6908.48225 11.802 0.005
6908.51317 11.801 0.005
6908.55113 11.800 0.005
6908.60321 11.799 0.005
6909.52457 11.813 0.005
6909.58129 11.826 0.005
6909.62533 11.817 0.005
6910.57901 11.828 0.005
6912.47897 11.840 0.005
6912.49506 11.841 0.005
6912.54794 11.844 0.005
6912.59832 11.846 0.005
6915.51809 11.897 0.005
6915.56113 11.888 0.005
6915.60532 11.878 0.005
6916.50414 11.912 0.005
6916.53179 11.911 0.005
6918.53171 11.931 0.005
6918.57564 11.928 0.005
6918.62212 11.934 0.005
6919.50087 11.953 0.005
6919.55999 11.962 0.005
6920.50943 11.970 0.005
6922.49655 11.999 0.005
6922.53988 12.007 0.005
6922.58521 11.998 0.005
6923.48310 12.023 0.005
6923.53236 12.024 0.005
6923.58266 12.019 0.005
6924.49882 12.046 0.005
6924.54207 12.039 0.005
6924.58793 12.032 0.005
6925.50854 12.068 0.005
6925.55340 12.060 0.005
6925.59909 12.051 0.005
6926.49779 12.079 0.005
6926.54865 12.083 0.005
6926.59231 12.078 0.005
6927.52484 12.101 0.005
6927.56867 12.093 0.005
6927.61228 12.084 0.005
6928.52919 12.135 0.005
6928.57412 12.124 0.005
6929.50641 12.136 0.005
6929.56250 12.130 0.005
6929.60563 12.127 0.005
6930.52817 12.181 0.005
6936.50023 12.293 0.005
6936.54668 12.296 0.005
6937.49997 12.328 0.005
6937.54426 12.326 0.005
6938.48484 12.346 0.005
6938.52908 12.351 0.005
6940.48433 12.389 0.005
6940.53376 12.390 0.005
6941.49763 12.406 0.005
6942.50349 12.428 0.005
6942.54696 12.426 0.005
6943.50209 12.455 0.005
6944.48670 12.476 0.005
6947.50035 12.537 0.005
6948.48774 12.564 0.005
6949.52502 12.595 0.005
6950.53555 12.609 0.005
6951.48880 12.626 0.005
6953.49423 12.671 0.005
6954.52050 12.701 0.005
6955.51029 12.710 0.005
6956.52426 12.744 0.005
7059.87319 12.378 0.005
7060.86591 12.360 0.005
7060.88200 12.365 0.005
7061.86189 12.341 0.005
7061.87793 12.357 0.005
7062.85982 12.334 0.005
7062.87543 12.343 0.005
7063.87566 12.305 0.005
7064.87242 12.298 0.005
7065.86430 12.280 0.005
7066.85717 12.270 0.005
7069.84108 12.233 0.005
7069.88033 12.244 0.005
7070.85385 12.241 0.005
7070.89175 12.250 0.005
7071.86619 12.228 0.005
7072.83600 12.198 0.005
7072.87387 12.212 0.005
7074.83942 12.155 0.005
7074.84976 12.159 0.005
7074.88990 12.162 0.005
7075.82801 12.138 0.005
7075.86715 12.141 0.005
7076.82969 12.143 0.005
7076.86775 12.150 0.005
7077.82749 12.101 0.005
7077.86509 12.106 0.005
7078.81664 12.086 0.005
7078.85605 12.100 0.005
7078.89378 12.113 0.005
7079.89307 12.080 0.005
7080.83914 12.048 0.005
7080.88937 12.064 0.005
7081.89033 12.027 0.005
7082.80902 12.006 0.005
7082.85784 12.027 0.005
7082.89732 12.026 0.005
7083.83596 11.989 0.005
7083.87996 11.998 0.005
7084.80132 11.975 0.005
7084.86025 11.991 0.005
7084.90510 12.006 0.005
7085.80046 11.966 0.005
7085.87842 11.953 0.005
7086.80334 11.954 0.005
7086.85514 11.957 0.005
7086.89913 11.941 0.005
7087.80179 11.928 0.005
7087.86665 11.930 0.005
7088.79212 11.911 0.005
7088.83775 11.902 0.005
7088.88231 11.903 0.005
7089.78878 11.890 0.005
7089.84810 11.885 0.005
7089.89183 11.888 0.005
7090.78754 11.857 0.005
7090.84746 11.856 0.005
7090.89161 11.846 0.005
7091.78504 11.841 0.005
7091.84546 11.847 0.005
7091.89010 11.850 0.005
7092.78211 11.822 0.005
7092.83707 11.822 0.005
7092.87596 11.804 0.005
7097.76573 11.703 0.005
7097.82841 11.668 0.005
7097.87237 11.637 0.005
7098.77743 11.694 0.005
7098.82224 11.692 0.005
7098.87609 11.663 0.005
7099.76911 11.676 0.005
7099.81784 11.671 0.005
7099.86579 11.671 0.005
7100.79463 11.624 0.005
7100.84043 11.623 0.005
7100.88545 11.644 0.005
7101.78353 11.625 0.005
7101.86759 11.634 0.005
7102.81525 11.614 0.005
7102.87712 11.613 0.005
7108.80578 11.536 0.005
7108.85274 11.540 0.005
7109.74109 11.520 0.005
7109.85679 11.525 0.005
7109.90676 11.499 0.005
7110.76610 11.457 0.005
7110.81123 11.494 0.005
7110.87651 11.459 0.005
7111.74118 11.509 0.005
7111.78702 11.505 0.005
7111.84321 11.483 0.005
7111.89862 11.461 0.005
7112.73531 11.518 0.005
7112.79468 11.520 0.005
7112.85803 11.483 0.005
7112.90563 11.452 0.005
7113.73469 11.491 0.005
7113.78142 11.457 0.005
7113.82553 11.466 0.005
7113.88094 11.444 0.005
7114.73828 11.502 0.005
7114.79201 11.457 0.005
7114.84791 11.462 0.005
7114.89390 11.446 0.005
7115.71693 11.496 0.005
7115.76325 11.493 0.005
7115.80657 11.494 0.005
7115.88829 11.452 0.005
7116.71734 11.500 0.005
7116.76948 11.497 0.005
7116.81365 11.494 0.005
7116.87662 11.469 0.005
7116.92166 11.448 0.005
7117.75162 11.402 0.005
7117.79658 11.414 0.005
7117.84141 11.454 0.005
7117.89831 11.435 0.005
7118.75535 11.442 0.005
7118.81018 11.395 0.005
7118.86169 11.383 0.005
7118.91004 11.424 0.005
7119.76547 11.491 0.005
7119.77330 11.494 0.005
7119.81688 11.494 0.005
7119.86082 11.492 0.005
7119.91093 11.484 0.005
7120.75842 11.465 0.005
7120.78181 11.431 0.005
7120.81437 11.443 0.005
7120.85334 11.423 0.005
7125.71851 11.496 0.005
7125.76574 11.523 0.005
7125.81471 11.463 0.005
7125.87237 11.398 0.005
7125.92054 11.509 0.005
7126.72881 11.513 0.005
7126.78136 11.496 0.005
7126.84616 11.440 0.005
7126.91311 11.443 0.005
7127.73480 11.461 0.005
7129.72051 11.529 0.005
7129.76491 11.536 0.005
7129.81793 11.501 0.005
7129.87786 11.504 0.005
7129.91742 11.550 0.005
7130.70213 11.549 0.005
7130.74580 11.550 0.005
7130.79869 11.567 0.005
7130.85310 11.550 0.005
7130.89905 11.571 0.005
7131.68881 11.566 0.005
7131.73244 11.549 0.005
7131.77593 11.500 0.005
7131.83284 11.466 0.005
7131.88973 11.509 0.005
7132.68094 11.570 0.005
7132.72473 11.548 0.005
7132.76806 11.569 0.005
7132.83843 11.524 0.005
7133.82092 11.597 0.005
7133.86893 11.593 0.005
7133.91331 11.596 0.005
7134.68657 11.594 0.005
7134.72338 11.599 0.005
7134.76781 11.606 0.005
7134.82223 11.605 0.005
7134.87937 11.602 0.005
7134.92381 11.568 0.005
7135.71064 11.526 0.005
7135.75419 11.553 0.005
7135.79858 11.553 0.005
7135.86678 11.571 0.005
7135.91128 11.565 0.005
7136.68766 11.617 0.005
7136.73154 11.625 0.005
7136.77497 11.623 0.005
7136.82847 11.639 0.005
7136.88513 11.640 0.005
7136.92949 11.641 0.005
7137.69673 11.626 0.005
7137.74105 11.590 0.005
7137.78548 11.561 0.005
7137.85165 11.640 0.005
7137.89745 11.654 0.005
7138.65639 11.623 0.005
7138.69651 11.651 0.005
7138.74180 11.647 0.005
7138.78592 11.647 0.005
7138.85254 11.555 0.005
7138.89790 11.651 0.005
7139.66322 11.659 0.005
7139.73662 11.676 0.005
7139.77940 11.676 0.005
7139.84288 11.680 0.005
7139.89045 11.678 0.005
7139.93529 11.676 0.005
7140.68608 11.675 0.005
7140.72614 11.686 0.005
7140.76947 11.674 0.005
7140.83294 11.684 0.005
7140.87794 11.691 0.005
7140.92216 11.692 0.005
7141.68574 11.678 0.005
7141.72974 11.643 0.005
7141.77411 11.783 0.005
7141.83595 11.636 0.005
7141.88695 11.723 0.005
7141.93142 11.667 0.005
7142.68013 11.647 0.005
7142.72601 11.678 0.005
7142.77073 11.726 0.005
7142.82572 11.722 0.005
7142.88129 11.725 0.005
7142.92525 11.733 0.005
7143.67987 11.722 0.005
7143.72286 11.738 0.005
7143.76698 11.736 0.005
7143.81346 11.740 0.005
7143.86796 11.746 0.005
7143.93189 11.735 0.005
7144.67139 11.753 0.005
7144.71384 11.741 0.005
7144.76868 11.733 0.005
7144.84014 11.749 0.005
7145.68871 11.764 0.005
7145.76467 11.761 0.005
7145.80968 11.767 0.005
7145.85611 11.779 0.005
7145.90180 11.780 0.005
7146.63846 11.774 0.005
7146.67647 11.777 0.005
7146.71344 11.764 0.005
7146.75047 11.760 0.005
7146.78778 11.760 0.005
7146.82841 11.703 0.005
7146.86722 11.744 0.005
7146.90460 11.777 0.005
7147.64499 11.782 0.005
7147.68267 11.798 0.005
7147.72061 11.794 0.005
7147.75798 11.800 0.005
7147.79538 11.794 0.005
7147.83529 11.801 0.005
7147.87494 11.804 0.005
7147.91410 11.809 0.005
7148.87690 11.808 0.005
7151.84401 11.868 0.005
7152.78598 11.897 0.005
7152.83288 11.899 0.005
7152.87804 11.900 0.005
7152.92210 11.882 0.005
7153.64116 11.908 0.005
7153.68541 11.902 0.005
7153.72997 11.899 0.005
7153.77363 11.910 0.005
7153.81936 11.858 0.005
7153.86449 11.861 0.005
7153.91002 11.924 0.005
7154.66411 11.957 0.005
7154.71338 11.946 0.005
7154.75720 11.921 0.005
7154.82049 11.944 0.005
7154.87361 11.935 0.005
7154.91697 11.935 0.005
7155.63289 11.949 0.005
7155.68055 11.950 0.005
7155.72497 11.951 0.005
7155.77161 11.966 0.005
7155.83859 11.960 0.005
7155.88187 11.967 0.005
7155.92544 11.965 0.005
7156.63441 11.992 0.005
7156.67526 11.981 0.005
7156.72078 11.980 0.005
7156.79835 11.968 0.005
7157.61434 12.000 0.005
7157.65850 11.994 0.005
7157.70798 12.013 0.005
7157.76790 12.011 0.005
7157.86996 11.998 0.005
7157.91451 12.009 0.005
7158.65003 12.013 0.005
7158.69427 12.021 0.005
7158.73795 12.026 0.005
7158.79315 12.019 0.005
7158.84903 12.017 0.005
7158.89257 12.016 0.005
7158.93674 12.017 0.005
7159.63668 12.040 0.005
7159.68026 12.047 0.005
7159.72405 12.044 0.005
7159.77959 12.050 0.005
7159.83507 12.064 0.005
7159.87890 12.045 0.005
7159.92351 12.051 0.005
7160.64358 12.052 0.005
7160.68846 12.066 0.005
7160.73179 12.075 0.005
7160.79987 12.084 0.005
7160.84312 12.085 0.005
7160.89098 12.073 0.005
7160.93482 12.061 0.005
7161.63871 12.069 0.005
7161.70141 12.077 0.005
7161.75451 12.104 0.005
7161.81096 12.113 0.005
7161.85532 12.124 0.005
7161.90120 12.093 0.005
7162.59980 12.103 0.005
7162.64442 12.093 0.005
7162.68907 12.128 0.005
7162.73257 12.118 0.005
7162.79943 12.125 0.005
7162.84346 12.117 0.005
7162.89038 12.111 0.005
7162.93393 12.117 0.005
7163.63892 12.121 0.005
7163.68355 12.123 0.005
7163.72788 12.142 0.005
7163.79263 12.147 0.005
7163.83706 12.144 0.005
7163.88108 12.130 0.005
7163.92481 12.134 0.005
7164.67940 12.157 0.005
7164.74205 12.153 0.005
7164.78938 12.187 0.005
7164.85220 12.168 0.005
7164.89547 12.160 0.005
7164.93908 12.161 0.005
7165.90186 12.193 0.005
7166.63061 12.209 0.005
7166.67391 12.211 0.005
7166.72727 12.221 0.005
7166.78540 12.234 0.005
7166.82972 12.225 0.005
7166.87390 12.212 0.005
7166.91797 12.218 0.005
7168.70352 12.266 0.005
7168.80754 12.282 0.005
7169.61734 12.317 0.005
7169.66171 12.338 0.005
7169.70642 12.331 0.005
7169.77239 12.348 0.005
7169.81702 12.342 0.005
7169.87159 12.344 0.005
7169.91492 12.324 0.005
7170.59038 12.336 0.005
7170.63430 12.352 0.005
7170.67832 12.353 0.005
7170.72271 12.340 0.005
7170.79225 12.346 0.005
7170.83916 12.357 0.005
7170.88224 12.350 0.005
7171.84345 12.378 0.005
7172.57662 12.400 0.005
7172.61997 12.409 0.005
7172.66450 12.414 0.005
7172.70885 12.427 0.005
7172.77490 12.422 0.005
7172.81868 12.421 0.005
7172.86992 12.416 0.005
7172.91379 12.423 0.005
7173.57253 12.438 0.005
7173.62509 12.437 0.005
7173.67079 12.454 0.005
7173.72547 12.470 0.005
7173.79025 12.457 0.005
7173.83707 12.465 0.005
7173.88095 12.465 0.005
7173.92508 12.453 0.005
7174.57893 12.472 0.005
7174.62054 12.488 0.005
7174.66481 12.498 0.005
7174.70861 12.508 0.005
7174.76241 12.515 0.005
7174.80738 12.502 0.005
7174.85091 12.498 0.005
7174.89773 12.496 0.005
7174.94133 12.508 0.005
7175.60226 12.515 0.005
7175.69329 12.528 0.005
7175.75233 12.539 0.005
7175.84608 12.532 0.005
7175.88765 12.527 0.005
7175.92729 12.528 0.005
7178.66848 12.638 0.005
7178.83994 12.644 0.005
7179.56066 12.664 0.005
7179.60465 12.669 0.005
7179.64771 12.666 0.005
7179.69149 12.675 0.005
7179.73902 12.675 0.005
7179.78363 12.683 0.005
7179.83235 12.676 0.005
7179.87625 12.675 0.005
7179.92076 12.679 0.005
7180.57144 12.702 0.005
7180.61435 12.700 0.005
7180.65732 12.704 0.005
7180.70138 12.714 0.005
7180.74890 12.710 0.005
7180.80010 12.724 0.005
7180.84704 12.720 0.005
7180.89219 12.724 0.005
7181.58108 12.741 0.005
7181.62422 12.752 0.005
7181.69294 12.751 0.005
7181.74020 12.748 0.005
7181.78564 12.753 0.005
7181.83023 12.759 0.005
7181.87777 12.757 0.005
7181.92210 12.755 0.005
7182.56954 12.778 0.005
7182.61285 12.777 0.005
7182.65639 12.788 0.005
7182.72004 12.789 0.005
7182.77614 12.789 0.005
7182.81961 12.795 0.005
7182.86658 12.797 0.005
7182.91160 12.791 0.005
7183.54637 12.816 0.005
7183.59529 12.822 0.005
7183.63899 12.826 0.005
7183.69220 12.823 0.005
7183.75060 12.830 0.005
7183.79388 12.822 0.005
7183.84146 12.831 0.005
7183.88629 12.830 0.005
7184.60236 12.863 0.005
7184.64552 12.857 0.005
7184.68940 12.860 0.005
7184.75635 12.867 0.005
7184.80018 12.864 0.005
7184.84707 12.868 0.005
7184.89148 12.873 0.005
7185.58121 12.899 0.005
7185.62411 12.899 0.005
7185.67694 12.902 0.005
7185.73421 12.907 0.005
7185.77836 12.908 0.005
7185.82132 12.903 0.005
7185.86674 12.908 0.005
7186.58561 12.940 0.005
7186.62931 12.938 0.005
7186.69743 12.942 0.005
7186.82789 12.945 0.005
7186.87139 12.945 0.005
7186.91448 12.961 0.005
7187.57948 12.979 0.005
7187.62351 12.981 0.005
7187.68617 12.993 0.005
7187.73316 12.993 0.005
7187.77782 12.991 0.005
7187.82689 12.997 0.005
7187.86997 13.001 0.005
7188.57876 13.019 0.005
7188.62217 13.025 0.005
7188.66517 13.029 0.005
7188.73619 13.030 0.005
7188.78069 13.039 0.005
7188.82669 13.041 0.005
7189.55254 13.056 0.005
7189.59791 13.063 0.005
7189.66251 13.069 0.005
7189.71039 13.074 0.005
7189.75589 13.077 0.005
7189.80506 13.079 0.005
7189.84856 13.082 0.005
7189.89216 13.084 0.005
7190.53120 13.095 0.005
7190.60919 13.099 0.005
7190.65508 13.110 0.005
7190.72470 13.110 0.005
7190.77118 13.114 0.005
7190.82243 13.117 0.005
7190.86742 13.120 0.005
7191.60656 13.135 0.005
7191.65054 13.141 0.005
7191.79041 13.143 0.005
7191.83592 13.143 0.005
7192.82425 13.193 0.005
7192.85389 13.183 0.005
7193.58000 13.211 0.005
7193.61427 13.212 0.005
7193.66003 13.212 0.005
7193.70084 13.222 0.005
7193.74743 13.220 0.005
7193.80081 13.225 0.005
7193.85069 13.221 0.005
7194.53504 13.246 0.005
7194.58340 13.249 0.005
7194.62792 13.248 0.005
7194.69767 13.257 0.005
7194.74478 13.259 0.005
7194.78921 13.260 0.005
7195.53090 13.271 0.005
7195.56035 13.273 0.005
7195.59238 13.278 0.005
7196.84907 13.316 0.005
7196.86394 13.326 0.005
7197.52621 13.350 0.005
7197.56900 13.352 0.005
7197.61564 13.349 0.005
7197.66051 13.355 0.005
7197.71638 13.357 0.005
7197.76986 13.360 0.005
7197.81431 13.358 0.005
7197.86236 13.357 0.005
7198.53720 13.380 0.005
7198.58000 13.381 0.005
7198.62529 13.382 0.005
7198.68012 13.382 0.005
7198.73725 13.385 0.005
7198.78052 13.390 0.005
7198.82628 13.386 0.005
7199.52799 13.408 0.005
7199.57110 13.412 0.005
7199.61451 13.410 0.005
7199.65903 13.418 0.005
7199.72467 13.417 0.005
7199.76825 13.416 0.005
7199.81129 13.418 0.005
7199.85686 13.423 0.005
7200.49458 13.438 0.005
7200.54062 13.435 0.005
7200.57107 13.443 0.005
7200.59607 13.439 0.005
7200.64044 13.444 0.005
7200.68808 13.446 0.005
7200.73313 13.448 0.005
7200.78036 13.450 0.005
7200.82673 13.447 0.005
7200.88035 13.451 0.005
7202.58430 13.495 0.005
7202.61109 13.496 0.005
7202.69096 13.490 0.005
7202.74139 13.494 0.005
7202.78738 13.500 0.005
7202.84886 13.503 0.005
7206.55807 13.602 0.005
7206.60254 13.598 0.005
7206.64897 13.595 0.005
7206.70409 13.602 0.005
7206.74708 13.612 0.005
7206.79220 13.598 0.005
7206.83500 13.613 0.005
7207.52598 13.629 0.005
7207.57053 13.625 0.005
7207.61390 13.628 0.005
7207.66005 13.624 0.005
7207.70595 13.625 0.005
7207.74981 13.635 0.005
7207.79731 13.642 0.005
7207.81776 13.631 0.005
7207.86399 13.639 0.005
7208.49028 13.656 0.005
7209.62022 13.687 0.005
7209.65229 13.674 0.005
7209.69580 13.670 0.005
7209.73942 13.673 0.005
7209.78327 13.673 0.005
7209.82543 13.679 0.005
7210.81510 13.695 0.005
7210.83724 13.714 0.005
7211.47470 13.713 0.005
7211.51753 13.713 0.005
7211.56039 13.712 0.005
7211.60311 13.719 0.005
7211.66104 13.723 0.005
7211.71451 13.726 0.005
7211.75773 13.735 0.005
7211.80149 13.729 0.005
7212.57381 13.742 0.005
7214.51397 13.784 0.005
7214.56560 13.794 0.005
7214.61303 13.795 0.005
7214.66717 13.796 0.005
7214.72896 13.788 0.005
7217.56678 13.837 0.005
7217.61981 13.844 0.005
7217.74880 13.816 0.005
7217.79031 13.833 0.005
7219.49481 13.888 0.005
7219.55734 13.810 0.005
7219.60676 13.882 0.005
7219.67267 13.892 0.005
7219.71672 13.879 0.005
7220.47016 13.905 0.005
7220.48337 13.909 0.005
7220.52632 13.901 0.005
7220.56923 13.903 0.005
7220.62508 13.887 0.005
7220.68050 13.889 0.005
7220.72459 13.882 0.005
7220.76859 13.885 0.005
7221.48586 13.909 0.005
7221.52993 13.913 0.005
7221.57309 13.921 0.005
7221.62851 13.910 0.005
7221.68279 13.893 0.005
7221.72646 13.897 0.005
7221.77001 13.897 0.005
7222.48834 13.918 0.005
7222.54113 13.929 0.005
7222.59108 13.909 0.005
7222.64562 13.908 0.005
7222.66210 13.907 0.005
7222.72120 13.905 0.005
7222.77569 13.901 0.005
7223.49979 13.924 0.005
7223.54556 13.940 0.005
7223.58912 13.936 0.005
7223.65393 13.934 0.005
7223.69756 13.941 0.005
7223.74064 13.932 0.005
7224.46574 13.949 0.005
7224.50983 13.962 0.005
7224.55661 13.955 0.005
7224.62787 13.943 0.005
7224.67702 13.954 0.005
7224.73006 13.943 0.005
7224.77293 13.947 0.005
7225.48165 13.981 0.005
7225.52542 13.933 0.005
7225.56883 13.959 0.005
7226.46961 13.974 0.005
7226.51359 13.978 0.005
7226.55739 13.971 0.005
7226.61589 13.968 0.005
7226.66933 13.970 0.005
7226.71302 13.972 0.005
7226.75590 13.993 0.005
7226.79388 13.985 0.005
7227.49656 14.009 0.005
7227.53986 13.989 0.005
7227.59278 13.987 0.005
7227.63923 14.013 0.005
7227.69492 13.977 0.005
7227.73769 13.987 0.005
7227.78190 13.992 0.005
7228.48364 14.017 0.005
7228.52812 14.014 0.005
7228.57185 14.002 0.005
7228.63854 13.989 0.005
7228.68859 14.002 0.005
7228.73472 13.994 0.005
7229.49758 14.002 0.005
7229.54077 14.006 0.005
7229.58417 13.996 0.005
7229.62951 13.999 0.005
7229.67658 14.010 0.005
7229.71997 14.009 0.005
7229.76313 14.000 0.005
7233.49590 14.038 0.005
7233.52557 14.041 0.005
7233.67787 14.040 0.005
7234.64149 14.029 0.005
7235.51583 14.064 0.005
7235.64784 14.073 0.005
7235.69699 14.088 0.005
7235.74637 14.072 0.005
7236.47585 14.044 0.005
7236.52381 14.040 0.005
7236.57159 14.036 0.005
7236.61030 14.061 0.005
7248.47890 14.120 0.005
7249.47299 14.072 0.005
7249.52978 14.107 0.005
7249.58406 14.116 0.005
7249.62248 14.106 0.005
7249.66060 14.104 0.005
7249.69955 14.090 0.005
7250.55581 14.099 0.005
7250.61545 14.119 0.005
7250.67795 14.095 0.005
7252.53339 14.116 0.005
7252.60107 14.106 0.005
7252.66983 14.093 0.005
7253.50287 14.097 0.005
7253.57102 14.084 0.005
7253.61684 14.089 0.005
7253.66566 14.094 0.005
7255.48971 14.088 0.005
7255.55436 14.090 0.005
7255.60440 14.072 0.005
7255.64808 14.075 0.005
7256.50873 14.063 0.005
7256.57758 14.065 0.005
7256.62167 14.072 0.005
7256.66563 14.069 0.005
7257.57180 14.072 0.005
7257.64118 14.079 0.005
7257.68238 14.064 0.005
7261.51116 13.998 0.005
7261.55724 14.036 0.005
7261.59465 14.048 0.005
7261.64736 14.046 0.005
7263.48126 13.998 0.005
7263.52918 14.003 0.005
7263.57420 14.014 0.005
7263.61840 14.017 0.005
7263.66317 14.015 0.005
7264.47896 13.994 0.005
7264.53602 13.981 0.005
7264.58089 13.995 0.005
7264.62523 13.994 0.005
7264.68716 14.005 0.005
7265.51301 13.963 0.005
7265.55913 13.957 0.005
7265.60420 13.970 0.005
7265.67608 13.971 0.005
7266.48254 13.943 0.005
7267.47720 13.951 0.005
7267.53483 13.938 0.005
7267.59129 13.971 0.005
7267.63662 13.957 0.005
7268.47834 13.951 0.005
7268.53364 13.948 0.005
7268.60639 13.959 0.005
7268.64999 13.949 0.005
7269.50212 13.948 0.005
7269.55658 13.932 0.005
7269.62482 13.940 0.005
7269.66366 13.940 0.005
7270.47783 13.918 0.005
7270.52420 13.921 0.005
7270.57798 13.922 0.005
7270.61767 13.927 0.005
7270.67883 13.946 0.005
7271.51536 13.865 0.005
7271.56330 13.896 0.005
7271.63011 13.899 0.005
7272.51560 13.875 0.005
7272.55928 13.889 0.005
7273.53412 13.860 0.005
7273.57991 13.883 0.005
7273.63482 13.879 0.005
7275.53688 13.827 0.005
7275.59126 13.838 0.005
7275.63570 13.831 0.005
7277.49696 13.793 0.005
7277.54121 13.805 0.005
7277.60673 13.782 0.005
7277.65225 13.781 0.005
7278.48009 13.745 0.005
7278.52440 13.750 0.005
7278.59614 13.758 0.005
7278.63907 13.753 0.005
7281.48859 13.666 0.005
7281.53728 13.690 0.005
7283.57308 13.650 0.005
7284.48001 13.674 0.005
7284.54660 13.655 0.005
7284.60687 13.657 0.005
7291.54283 13.496 0.005
7292.50194 13.476 0.005
7292.57375 13.491 0.005
7293.48227 13.472 0.005
7293.53122 13.471 0.005
7294.54247 13.455 0.005
7295.50273 13.423 0.005
7295.57601 13.432 0.005
7296.54283 13.368 0.005
7299.49221 13.350 0.005
7299.54144 13.342 0.005
7300.52117 13.321 0.005
7307.52931 13.185 0.005
7311.48498 13.115 0.005
7311.53142 13.112 0.005
7312.50674 13.091 0.005
7317.50750 12.953 0.005
7318.50662 12.952 0.005
7320.50682 12.888 0.005
7412.87395 12.727 0.005
7415.86471 12.821 0.005
7416.86347 12.841 0.005
7424.85432 13.092 0.005
7425.84936 13.129 0.005
7426.84872 13.157 0.005
7427.84322 13.191 0.005
7427.88662 13.191 0.005
7428.83894 13.221 0.005
7428.87905 13.223 0.005
7430.85970 13.294 0.005
7432.83736 13.345 0.005
7433.83589 13.379 0.005
7434.89144 13.410 0.005
7435.83852 13.441 0.005
7436.83211 13.482 0.005
7437.83096 13.503 0.005
7437.87111 13.496 0.005
7438.82563 13.538 0.005
7438.86444 13.524 0.005
7439.82367 13.573 0.005
7439.86473 13.569 0.005
7440.82089 13.602 0.005
7440.86314 13.599 0.005
7441.82028 13.642 0.005
7441.86516 13.620 0.005
7442.81269 13.666 0.005
7442.85776 13.656 0.005
7443.81240 13.698 0.005
7443.89902 13.693 0.005
7444.81112 13.715 0.005
7445.80989 13.751 0.005
7445.84721 13.751 0.005
7445.88690 13.734 0.005
7446.83158 13.767 0.005
7446.87151 13.755 0.005
7447.80651 13.765 0.005
7447.84335 13.769 0.005
7447.88113 13.771 0.005
7448.82112 13.825 0.005
7448.86369 13.822 0.005
7448.90894 13.808 0.005
7451.81104 13.881 0.005
7451.86952 13.888 0.005
7452.79642 13.909 0.005
7452.84159 13.908 0.005
7452.88838 13.902 0.005
7453.80896 13.933 0.005
7453.86304 13.936 0.005
7453.90698 13.929 0.005
7454.88867 13.966 0.005
7455.81700 13.996 0.005
7455.86196 13.987 0.005
7456.79046 13.985 0.005
7456.83702 14.001 0.005
7456.89163 13.963 0.005
7457.79873 14.012 0.005
7457.84811 14.005 0.005
7457.90285 14.002 0.005
7458.81242 14.008 0.005
7458.86706 14.024 0.005
7460.78062 14.089 0.005
7460.82645 14.084 0.005
7460.88219 14.036 0.005
7461.78394 14.054 0.005
7461.82849 14.048 0.005
7461.89229 14.064 0.005
7462.78165 14.099 0.005
7462.83019 14.063 0.005
7462.88964 14.054 0.005
7463.82760 14.068 0.005
7463.88945 14.060 0.005
7464.84129 14.115 0.005
7465.78450 14.132 0.005
7465.82923 14.095 0.005
7465.88331 14.094 0.005
7466.85513 14.113 0.005
7466.90493 14.098 0.005
7467.82924 14.143 0.005
7467.87475 14.148 0.005
7470.75394 14.130 0.005
7470.80085 14.123 0.005
7470.84545 14.131 0.005
7470.89969 14.128 0.005
7471.76705 14.141 0.005
7471.81106 14.113 0.005
7471.86798 14.108 0.005
7471.91196 14.130 0.005
7472.77672 14.147 0.005
7472.82143 14.110 0.005
7472.87655 14.112 0.005
7473.74938 14.139 0.005
7473.85902 14.144 0.005
7474.76834 14.163 0.005
7474.80758 14.149 0.005
7474.84555 14.124 0.005
7474.88386 14.127 0.005
7475.74158 14.135 0.005
7475.86557 14.127 0.005
7475.90788 14.128 0.005
7480.85772 14.066 0.005
7484.75637 14.035 0.005
7484.85990 14.025 0.005
7485.77481 14.019 0.005
7485.88040 14.011 0.005
7486.78125 13.994 0.005
7486.89096 13.979 0.005
7487.77492 13.985 0.005
7487.89499 13.980 0.005
7488.77579 13.959 0.005
7488.90019 13.946 0.005
7489.80548 13.926 0.005
7489.92299 13.921 0.005
7491.78776 13.900 0.005
7491.90872 13.875 0.005
7492.77618 13.844 0.005
7492.89677 13.858 0.005
7493.76379 13.814 0.005
7493.88428 13.826 0.005
7494.74539 13.812 0.005
7494.86980 13.799 0.005
7495.71649 13.769 0.005
7495.83392 13.772 0.005
7497.85825 13.702 0.005
7498.71814 13.695 0.005
7498.85527 13.675 0.005
7499.70885 13.660 0.005
7499.80897 13.648 0.005
7499.91024 13.638 0.005
7500.75000 13.621 0.005
7500.85017 13.604 0.005
7507.75930 13.393 0.005
7507.86486 13.400 0.005
7508.68477 13.361 0.005
7508.69888 13.361 0.005
7508.80774 13.360 0.005
7508.91051 13.364 0.005
7509.80243 13.331 0.005
7509.90469 13.327 0.005
7509.91888 13.329 0.005
7511.75561 13.273 0.005
7511.87714 13.266 0.005
7512.83596 13.231 0.005
7519.81493 13.042 0.005
7522.88263 12.941 0.005
7523.88091 12.918 0.005
7526.65110 12.868 0.005
7526.77496 12.870 0.005
7526.89522 12.862 0.005
7528.88672 12.819 0.005
7529.78676 12.801 0.005
7530.74494 12.783 0.005
7534.72774 12.706 0.005
7534.84158 12.707 0.005
7536.61251 12.668 0.005
7536.73794 12.669 0.005
7536.83809 12.673 0.005
7545.75020 12.550 0.005
7545.88252 12.553 0.005
7546.67139 12.534 0.005
7546.80601 12.541 0.005
7546.90455 12.533 0.005
7547.54911 12.517 0.005
7547.65793 12.530 0.005
7547.79961 12.521 0.005
7547.89809 12.519 0.005
7548.79457 12.513 0.005
7549.67268 12.513 0.005
7549.81065 12.505 0.005
7549.90871 12.495 0.005
7550.66356 12.491 0.005
7550.80318 12.495 0.005
7550.90215 12.488 0.005
7554.56473 12.444 0.005
7554.73745 12.446 0.005
7555.59967 12.442 0.005
7555.70705 12.451 0.005
7555.80967 12.447 0.005
7557.64811 12.430 0.005
7557.70089 12.422 0.005
7557.77174 12.421 0.005
7561.51960 12.344 0.005
7561.65560 12.365 0.005
7561.77283 12.354 0.005
7562.53312 12.326 0.005
7562.64932 12.340 0.005
7566.61453 12.237 0.005
7566.72697 12.238 0.005
7566.82613 12.237 0.005
7567.53441 12.209 0.005
7567.65369 12.230 0.005
7567.75600 12.212 0.005
7567.85432 12.204 0.005
7568.62841 12.190 0.005
7568.75482 12.184 0.005
7569.52308 12.160 0.005
7569.54590 12.166 0.005
7569.65638 12.172 0.005
7569.77232 12.166 0.005
7570.59647 12.146 0.005
7570.69395 12.145 0.005
7570.73622 12.146 0.005
7570.78404 12.141 0.005
7570.84520 12.137 0.005
7573.60445 12.079 0.005
7573.65543 12.088 0.005
7573.70932 12.071 0.005
7575.53705 12.027 0.005
7575.58628 12.023 0.005
7575.63890 12.023 0.005
7575.68900 12.066 0.005
7575.72841 12.038 0.005
7575.76702 12.041 0.005
7575.80537 12.033 0.005
7576.50514 12.005 0.005
7576.57322 12.008 0.005
7576.63053 12.032 0.005
7576.67252 12.017 0.005
7576.71112 12.008 0.005
7576.74953 11.999 0.005
7576.78759 11.993 0.005
7576.82607 11.993 0.005
7577.54413 11.977 0.005
7577.58824 11.988 0.005
7579.61668 11.921 0.005
7579.67171 11.905 0.005
7579.72574 11.916 0.005
7579.76634 11.902 0.005
7581.75087 11.865 0.005
7581.80669 11.861 0.005
7582.65779 11.842 0.005
7582.72987 11.841 0.005
7583.75641 11.822 0.005
7584.50073 11.802 0.005
7584.53901 11.815 0.005
7584.57768 11.794 0.005
7584.61608 11.802 0.005
7584.65649 11.806 0.005
7584.69443 11.796 0.005
7584.73278 11.809 0.005
7584.78309 11.799 0.005
7589.49871 11.720 0.005
7589.54415 11.725 0.005
7589.58301 11.726 0.005
7589.62749 11.727 0.005
7589.67239 11.714 0.005
7589.71056 11.721 0.005
7589.75694 11.709 0.005
7589.79524 11.717 0.005
7590.47185 11.701 0.005
7590.50972 11.710 0.005
7590.54750 11.696 0.005
7590.58600 11.697 0.005
7590.62913 11.731 0.005
7590.67010 11.720 0.005
7590.70781 11.720 0.005
7590.76006 11.716 0.005
7591.50471 11.718 0.005
7591.55662 11.701 0.005
7593.48498 11.683 0.005
7593.53268 11.699 0.005
7593.57923 11.699 0.005
7593.62536 11.695 0.005
7593.66338 11.697 0.005
7593.70056 11.700 0.005
7593.73923 11.703 0.005
7593.77660 11.694 0.005
7595.57691 11.678 0.005
7595.70940 11.681 0.005
7596.50557 11.691 0.005
7596.55503 11.647 0.005
7597.58446 11.674 0.005
7599.51121 11.699 0.005
7599.59320 11.692 0.005
7599.63609 11.705 0.005
7599.71700 11.700 0.005
7599.75866 11.712 0.005
7600.52017 11.702 0.005
7600.58594 11.703 0.005
7600.67786 11.695 0.005
7601.74132 11.694 0.005
7602.49741 11.702 0.005
7602.54296 11.707 0.005
7602.58227 11.703 0.005
7602.63956 11.703 0.005
7602.67730 11.713 0.005
7602.71462 11.699 0.005
7602.75438 11.695 0.005
7603.47247 11.717 0.005
7603.51000 11.705 0.005
7603.55691 11.718 0.005
7603.60469 11.721 0.005
7603.64255 11.722 0.005
7603.68013 11.718 0.005
7603.71989 11.706 0.005
7603.75755 11.700 0.005
7604.48005 11.706 0.005
7604.52088 11.708 0.005
7604.55823 11.717 0.005
7604.59825 11.721 0.005
7604.63634 11.711 0.005
7604.67477 11.710 0.005
7604.71224 11.717 0.005
7604.75046 11.718 0.005
7605.48726 11.721 0.005
7605.52951 11.723 0.005
7605.58127 11.726 0.005
7605.62823 11.719 0.005
7605.66597 11.725 0.005
7605.70350 11.725 0.005
7605.74079 11.721 0.005
7606.68947 11.715 0.005
7606.74006 11.721 0.005
7607.50238 11.730 0.005
7607.56780 11.729 0.005
7607.61350 11.731 0.005
7607.65715 11.757 0.005
7607.70076 11.746 0.005
7607.74259 11.721 0.005
7608.48859 11.738 0.005
7608.54677 11.759 0.005
7608.61975 11.755 0.005
7608.66408 11.764 0.005
7608.70847 11.749 0.005
7608.75128 11.737 0.005
7609.48957 11.752 0.005
7609.53384 11.750 0.005
7609.60045 11.762 0.005
7609.64453 11.766 0.005
7609.69392 11.758 0.005
7610.50356 11.758 0.005
7610.55466 11.761 0.005
7610.61860 11.778 0.005
7610.66253 11.777 0.005
7610.70655 11.773 0.005
7611.52390 11.758 0.005
7611.63336 11.756 0.005
7611.67915 11.757 0.005
7612.48114 11.765 0.005
7612.52157 11.779 0.005
7612.56164 11.775 0.005
7612.59991 11.779 0.005
7612.63753 11.764 0.005
7612.67538 11.767 0.005
7612.71299 11.773 0.005
7616.48313 11.793 0.005
7616.52997 11.808 0.005
7616.57696 11.809 0.005
7616.62335 11.815 0.005
7616.67609 11.810 0.005
7617.51263 11.797 0.005
7617.56053 11.812 0.005
7617.60470 11.818 0.005
7617.64847 11.825 0.005
7617.69224 11.811 0.005
7618.47514 11.813 0.005
7618.52025 11.822 0.005
7618.56578 11.826 0.005
7618.60940 11.822 0.005
7618.65312 11.827 0.005
7618.69496 11.820 0.005
7619.55638 11.816 0.005
7621.48860 11.819 0.005
7621.55238 11.826 0.005
7621.60268 11.827 0.005
7621.65190 11.829 0.005
7621.69861 11.818 0.005
7622.50996 11.843 0.005
7622.55919 11.856 0.005
7622.61355 11.853 0.005
7622.66720 11.876 0.005
7622.70319 11.861 0.005
7623.48838 11.847 0.005
7623.53517 11.856 0.005
7623.59853 11.861 0.005
7623.64274 11.857 0.005
7623.68676 11.842 0.005
7624.47536 11.858 0.005
7624.52287 11.872 0.005
7624.58655 11.852 0.005
7624.63474 11.854 0.005
7624.68143 11.854 0.005
7625.50838 11.870 0.005
7625.58021 11.874 0.005
7625.62409 11.862 0.005
7625.67826 11.854 0.005
7626.51132 11.888 0.005
7626.56536 11.885 0.005
7626.63198 11.887 0.005
7626.67672 11.888 0.005
7630.53173 11.940 0.005
7630.57656 11.928 0.005
7630.62112 11.929 0.005
7630.66492 11.929 0.005
7631.52331 11.965 0.005
7631.56843 11.959 0.005
7631.61306 11.976 0.005
7631.65662 11.949 0.005
7632.52297 11.962 0.005
7632.56793 11.962 0.005
7632.61288 11.963 0.005
7632.65560 11.952 0.005
7633.58032 11.963 0.005
7633.62578 11.963 0.005
7634.51141 11.985 0.005
7634.55700 11.976 0.005
7635.48311 11.992 0.005
7635.54229 11.983 0.005
7635.59425 11.988 0.005
7636.49812 12.005 0.005
7636.55006 11.995 0.005
7636.59524 11.999 0.005
7636.63715 12.002 0.005
7637.50695 12.010 0.005
7637.55567 12.014 0.005
7637.59953 12.018 0.005
7637.64148 12.010 0.005
7638.52245 12.031 0.005
7638.58081 12.034 0.005
7639.48152 12.058 0.005
7639.53581 12.057 0.005
7639.59068 12.075 0.005
7639.63459 12.063 0.005
7643.58380 12.145 0.005
7644.50231 12.153 0.005
7644.53989 12.152 0.005
7644.58296 12.147 0.005
7645.48245 12.170 0.005
7645.53234 12.169 0.005
7647.51913 12.223 0.005
7647.56479 12.229 0.005
7647.61547 12.222 0.005
7648.52989 12.249 0.005
7648.57388 12.255 0.005
7648.61715 12.251 0.005
7649.52450 12.281 0.005
7649.56941 12.285 0.005
7649.61344 12.274 0.005
7650.48152 12.292 0.005
7651.53640 12.312 0.005
7652.56466 12.342 0.005
7653.60174 12.366 0.005
7656.48412 12.452 0.005
7657.59079 12.493 0.005
7660.54070 12.578 0.005
7662.48705 12.637 0.005
7664.55737 12.701 0.005
7666.52707 12.767 0.005
7671.54800 12.923 0.005
7679.53120 13.183 0.005
7790.86809 12.495 0.005
7790.88360 12.505 0.005
7791.86319 12.486 0.005
7792.85947 12.476 0.005
7793.85690 12.469 0.005
7793.88830 12.480 0.005
7794.85764 12.444 0.005
7795.86263 12.431 0.005
7796.86656 12.436 0.005
7797.87181 12.413 0.005
7798.87149 12.403 0.005
7799.86674 12.381 0.005
7800.85073 12.373 0.005
7801.84121 12.356 0.005
7801.88654 12.368 0.005
7802.88443 12.350 0.005
7803.86770 12.349 0.005
7807.82750 12.309 0.005
7807.87412 12.315 0.005
7808.83066 12.287 0.005
7809.83752 12.289 0.005
7809.88517 12.295 0.005
7810.83432 12.288 0.005
7810.88176 12.290 0.005
7811.83993 12.279 0.005
7811.88520 12.284 0.005
7812.85614 12.287 0.005
7812.90097 12.285 0.005
7813.84555 12.260 0.005
7814.85551 12.268 0.005
7814.90313 12.274 0.005
7815.86914 12.249 0.005
7816.81377 12.219 0.005
7816.85895 12.237 0.005
7817.81019 12.226 0.005
7817.85547 12.238 0.005
7817.90067 12.251 0.005
7818.84167 12.225 0.005
7818.88676 12.227 0.005
7819.82145 12.201 0.005
7819.87323 12.219 0.005
7820.83012 12.197 0.005
7820.87595 12.206 0.005
7821.81451 12.187 0.005
7821.85884 12.184 0.005
7822.80688 12.165 0.005
7822.85150 12.170 0.005
7822.89625 12.184 0.005
7823.83682 12.182 0.005
7823.88140 12.179 0.005
7824.83279 12.149 0.005
7824.87754 12.151 0.005
7825.82449 12.149 0.005
7825.86911 12.153 0.005
7826.78293 12.126 0.005
7826.82802 12.128 0.005
7826.87270 12.125 0.005
7827.80203 12.137 0.005
7827.84635 12.137 0.005
7827.89113 12.140 0.005
7828.81568 12.120 0.005
7828.86014 12.132 0.005
7828.90501 12.123 0.005
7829.84214 12.107 0.005
7830.80072 12.100 0.005
7830.84177 12.097 0.005
7830.88011 12.100 0.005
7834.78728 12.030 0.005
7834.83371 12.053 0.005
7834.88089 12.038 0.005
7835.75505 12.016 0.005
7835.82751 12.035 0.005
7835.87927 12.034 0.005
7836.75970 12.016 0.005
7836.81658 12.021 0.005
7836.86564 12.030 0.005
7836.91357 12.021 0.005
7837.78370 12.021 0.005
7837.83003 12.021 0.005
7837.87689 12.028 0.005
7838.75333 12.008 0.005
7838.79941 12.022 0.005
7838.85494 12.032 0.005
7838.90277 12.025 0.005
7839.76117 12.026 0.005
7839.82055 12.030 0.005
7839.86969 12.034 0.005
7840.74186 12.011 0.005
7840.78949 12.019 0.005
7840.84609 12.020 0.005
7840.89362 12.014 0.005
7841.77100 11.993 0.005
7841.81706 11.995 0.005
7841.86247 11.996 0.005
7842.76429 11.995 0.005
7842.81069 12.007 0.005
7842.85721 12.006 0.005
7842.91128 12.011 0.005
7843.76873 12.007 0.005
7843.82412 12.000 0.005
7843.87105 12.021 0.005
7843.92051 12.015 0.005
7844.76529 12.011 0.005
7844.82071 11.995 0.005
7844.86632 11.989 0.005
7844.92057 12.004 0.005
7845.75854 11.995 0.005
7845.81387 12.013 0.005
7845.86054 12.007 0.005
7845.91187 12.027 0.005
7846.76023 12.021 0.005
7846.80644 12.012 0.005
7846.85187 12.019 0.005
7846.90319 12.015 0.005
7847.73994 12.011 0.005
7847.78595 12.028 0.005
7847.84206 12.028 0.005
7847.89157 12.024 0.005
7848.72343 12.011 0.005
7848.76888 12.011 0.005
7848.81475 12.036 0.005
7848.87181 12.031 0.005
7848.92042 12.039 0.005
7849.75124 12.039 0.005
7849.79758 12.047 0.005
7849.85329 12.042 0.005
7849.90425 12.051 0.005
7850.73283 12.025 0.005
7850.77970 12.023 0.005
7850.82536 12.045 0.005
7850.88317 12.034 0.005
7851.71121 12.021 0.005
7851.76589 12.027 0.005
7851.81233 12.034 0.005
7851.85905 12.047 0.005
7851.91929 12.051 0.005
7852.84026 12.028 0.005
7852.88956 12.030 0.005
7853.87201 12.030 0.005
7853.88362 12.029 0.005
7853.91504 12.032 0.005
7854.71954 12.065 0.005
7854.76592 12.062 0.005
7854.82138 12.073 0.005
7854.87035 12.060 0.005
7854.91885 12.057 0.005
7855.76455 12.070 0.005
7855.81168 12.077 0.005
7855.86003 12.073 0.005
7855.91847 12.075 0.005
7856.74279 12.050 0.005
7856.79103 12.055 0.005
7856.83791 12.051 0.005
7856.89827 12.061 0.005
7857.79999 12.057 0.005
7857.85384 12.066 0.005
7857.89585 12.077 0.005
7858.77385 12.084 0.005
7858.81067 12.083 0.005
7858.84466 12.069 0.005
7858.88744 12.070 0.005
7862.68546 12.094 0.005
7862.73283 12.100 0.005
7862.77986 12.110 0.005
7862.82692 12.104 0.005
7862.87540 12.107 0.005
7863.73723 12.117 0.005
7863.81295 12.120 0.005
7863.88953 12.134 0.005
7864.71464 12.132 0.005
7864.78678 12.138 0.005
7864.84783 12.130 0.005
7864.89952 12.143 0.005
7865.68898 12.142 0.005
7865.73466 12.143 0.005
7865.78093 12.147 0.005
7865.85270 12.157 0.005
7865.90531 12.161 0.005
7866.69999 12.142 0.005
7866.74655 12.163 0.005
7866.80233 12.162 0.005
7866.86330 12.145 0.005
7866.91086 12.151 0.005
7867.71880 12.154 0.005
7867.76567 12.154 0.005
7867.83156 12.152 0.005
7867.88143 12.159 0.005
7867.92824 12.147 0.005
7868.79146 12.152 0.005
7868.85328 12.145 0.005
7868.92177 12.146 0.005
7869.71310 12.159 0.005
7869.75905 12.170 0.005
7869.81484 12.162 0.005
7869.87453 12.196 0.005
7869.92191 12.171 0.005
7870.73940 12.172 0.005
7870.79562 12.194 0.005
7870.85374 12.188 0.005
7870.90166 12.201 0.005
7872.72438 12.212 0.005
7872.77069 12.173 0.005
7872.84117 12.190 0.005
7872.90363 12.210 0.005
7873.67352 12.208 0.005
7873.71942 12.209 0.005
7873.76581 12.222 0.005
7873.81270 12.189 0.005
7873.88463 12.224 0.005
7873.93124 12.212 0.005
7874.69487 12.200 0.005
7874.74998 12.198 0.005
7874.80692 12.205 0.005
7874.85723 12.207 0.005
7874.90441 12.209 0.005
7875.76325 12.229 0.005
7875.84372 12.236 0.005
7875.90103 12.241 0.005
7875.93486 12.224 0.005
7876.69135 12.220 0.005
7876.73893 12.240 0.005
7876.79810 12.248 0.005
7876.86032 12.258 0.005
7876.90733 12.242 0.005
7877.66877 12.250 0.005
7877.71529 12.258 0.005
7877.78126 12.240 0.005
7877.83170 12.263 0.005
7877.88443 12.276 0.005
7878.71229 12.274 0.005
7878.77763 12.258 0.005
7878.82812 12.293 0.005
7878.88665 12.270 0.005
7878.93272 12.281 0.005
7879.69544 12.255 0.005
7879.74161 12.259 0.005
7879.78760 12.262 0.005
7879.87932 12.265 0.005
7880.69352 12.276 0.005
7880.73952 12.281 0.005
7880.78787 12.275 0.005
7880.84608 12.280 0.005
7880.90078 12.282 0.005
7881.78524 12.301 0.005
7881.83527 12.304 0.005
7881.88368 12.313 0.005
7881.93994 12.299 0.005
7882.72900 12.315 0.005
7882.78581 12.320 0.005
7882.84452 12.337 0.005
7882.89155 12.334 0.005
7883.68772 12.323 0.005
7889.91815 12.453 0.005
7890.69359 12.475 0.005
7890.75417 12.478 0.005
7890.83860 12.485 0.005
7890.88623 12.483 0.005
7893.64245 12.540 0.005
7893.69009 12.546 0.005
7893.73661 12.550 0.005
7893.80364 12.551 0.005
7893.85109 12.561 0.005
7893.89801 12.557 0.005
7893.94089 12.555 0.005
7894.62806 12.564 0.005
7894.67429 12.590 0.005
7894.72934 12.591 0.005
7894.78643 12.588 0.005
7894.83331 12.592 0.005
7894.87989 12.583 0.005
7894.92613 12.579 0.005
7895.62487 12.601 0.005
7895.77864 12.610 0.005
7897.63738 12.653 0.005
7897.68414 12.652 0.005
7897.73214 12.654 0.005
7900.90394 12.741 0.005
7901.61558 12.763 0.005
7901.66318 12.768 0.005
7901.71868 12.769 0.005
7901.80354 12.776 0.005
7901.85081 12.772 0.005
7902.60856 12.792 0.005
7902.65828 12.800 0.005
7902.71347 12.804 0.005
7902.77421 12.805 0.005
7902.82008 12.801 0.005
7902.92187 12.805 0.005
7903.69221 12.827 0.005
7903.77911 12.829 0.005
7903.82651 12.833 0.005
7903.88206 12.830 0.005
7904.58695 12.851 0.005
7904.63613 12.859 0.005
7904.67968 12.866 0.005
7904.73641 12.873 0.005
7904.79516 12.866 0.005
7904.84308 12.860 0.005
7904.88914 12.863 0.005
7905.60204 12.886 0.005
7905.64906 12.895 0.005
7905.70439 12.906 0.005
7905.76227 12.900 0.005
7905.80972 12.913 0.005
7905.85808 12.897 0.005
7905.92094 12.890 0.005
7906.56624 12.918 0.005
7906.61215 12.920 0.005
7906.66043 12.938 0.005
7906.71531 12.944 0.005
7906.77522 12.929 0.005
7906.82251 12.918 0.005
7906.86932 12.921 0.005
7906.91601 12.915 0.005
7907.59508 12.953 0.005
7907.66461 12.962 0.005
7907.70528 12.944 0.005
7907.74892 12.965 0.005
7907.82545 12.968 0.005
7908.57699 12.987 0.005
7908.61777 12.987 0.005
7908.66448 12.997 0.005
7908.71970 13.002 0.005
7908.77838 12.999 0.005
7908.82526 13.003 0.005
7908.87225 13.003 0.005
7908.91438 12.959 0.005
7909.56048 13.024 0.005
7909.60682 13.020 0.005
7909.65584 13.032 0.005
7909.71192 13.039 0.005
7909.76091 13.031 0.005
7909.80800 13.036 0.005
7909.84664 13.042 0.005
7909.89762 13.034 0.005
7910.55435 13.055 0.005
7910.60862 13.061 0.005
7910.65533 13.064 0.005
7910.71261 13.072 0.005
7910.77233 13.081 0.005
7910.81835 13.081 0.005
7910.87330 13.083 0.005
7911.58146 13.085 0.005
7911.62211 13.087 0.005
7911.66932 13.091 0.005
7911.71425 13.091 0.005
7911.82305 13.102 0.005
7916.55054 13.244 0.005
7916.59737 13.247 0.005
7916.63362 13.249 0.005
7916.67477 13.255 0.005
7916.71722 13.258 0.005
7916.76232 13.256 0.005
7916.80466 13.259 0.005
7916.84837 13.257 0.005
7917.55828 13.277 0.005
7917.60446 13.279 0.005
7917.65464 13.276 0.005
7917.70371 13.280 0.005
7917.75370 13.287 0.005
7917.80041 13.287 0.005
7917.84609 13.280 0.005
7917.89250 13.289 0.005
7918.57195 13.311 0.005
7918.65100 13.310 0.005
7922.61587 13.418 0.005
7922.67136 13.421 0.005
7922.72941 13.418 0.005
7923.53939 13.439 0.005
7923.58472 13.444 0.005
7923.63088 13.441 0.005
7923.70574 13.438 0.005
7923.75244 13.438 0.005
7923.80048 13.444 0.005
7923.84581 13.438 0.005
7923.88849 13.437 0.005
7924.50761 13.460 0.005
7924.55182 13.454 0.005
7924.59769 13.461 0.005
7924.64205 13.457 0.005
7924.70838 13.460 0.005
7924.75546 13.459 0.005
7924.80146 13.470 0.005
7924.84738 13.468 0.005
7925.57597 13.497 0.005
7925.62147 13.499 0.005
7925.66833 13.495 0.005
7925.74186 13.497 0.005
7925.78990 13.497 0.005
7925.84216 13.502 0.005
7926.55788 13.529 0.005
7926.61002 13.520 0.005
7926.67596 13.523 0.005
7926.73974 13.530 0.005
7926.79221 13.515 0.005
7926.84716 13.532 0.005
7928.60467 13.580 0.005
7928.65228 13.579 0.005
7929.58997 13.606 0.005
7932.60522 13.675 0.005
7932.66179 13.673 0.005
7932.71047 13.668 0.005
7932.76985 13.676 0.005
7932.81542 13.683 0.005
7933.59428 13.701 0.005
7933.64101 13.698 0.005
7933.69078 13.689 0.005
7933.75738 13.687 0.005
7933.80127 13.690 0.005
7934.49916 13.735 0.005
7934.54505 13.721 0.005
7934.59072 13.721 0.005
7934.64604 13.718 0.005
7934.74481 13.718 0.005
7934.79075 13.716 0.005
7934.83679 13.713 0.005
7935.53055 13.744 0.005
7935.58696 13.719 0.005
7935.64391 13.719 0.005
7935.69324 13.719 0.005
7935.74028 13.726 0.005
7935.78728 13.742 0.005
7935.85613 13.735 0.005
7936.48562 13.760 0.005
7936.53825 13.756 0.005
7936.58587 13.766 0.005
7936.63381 13.771 0.005
7936.70614 13.758 0.005
7936.76227 13.767 0.005
7936.81039 13.761 0.005
7936.85713 13.743 0.005
7937.48003 13.791 0.005
7937.52695 13.793 0.005
7937.57498 13.774 0.005
7937.62217 13.783 0.005
7937.67041 13.794 0.005
7937.72848 13.791 0.005
7937.78544 13.778 0.005
7937.83187 13.775 0.005
7938.55041 13.791 0.005
7938.59888 13.804 0.005
7938.65031 13.770 0.005
7944.49075 13.908 0.005
7944.52991 13.913 0.005
7944.57014 13.909 0.005
7944.60878 13.908 0.005
7944.65698 13.895 0.005
7944.70641 13.899 0.005
7944.75314 13.911 0.005
7944.79398 13.914 0.005
7945.46705 13.904 0.005
7945.51190 13.943 0.005
7945.55840 13.928 0.005
7945.60613 13.923 0.005
7945.65465 13.922 0.005
7945.70241 13.949 0.005
7945.74976 13.936 0.005
7945.79681 13.936 0.005
7946.49267 13.946 0.005
7946.54991 13.937 0.005
7946.59791 13.939 0.005
7946.66323 13.957 0.005
7946.71077 13.946 0.005
7946.75864 13.941 0.005
7946.80692 13.946 0.005
7947.50978 13.964 0.005
7947.54849 13.973 0.005
7947.59738 13.978 0.005
7947.64794 13.965 0.005
7947.74193 13.970 0.005
7947.78935 13.949 0.005
7948.46460 13.975 0.005
7948.50263 13.981 0.005
7948.56051 13.985 0.005
7948.61818 13.985 0.005
7948.66976 13.975 0.005
7948.74033 13.978 0.005
7948.78667 13.980 0.005
7949.57382 13.961 0.005
7949.63085 13.952 0.005
7949.68524 13.958 0.005
7949.73434 13.947 0.005
7952.68644 13.989 0.005
7952.73818 13.977 0.005
7952.79352 13.947 0.005
7953.47343 14.023 0.005
7953.51875 14.007 0.005
7953.58906 14.016 0.005
7953.64379 14.013 0.005
7953.69423 14.000 0.005
7953.74616 14.018 0.005
7953.79543 14.021 0.005
7954.48453 14.041 0.005
7954.53638 14.013 0.005
7954.59831 14.008 0.005
7954.66532 14.017 0.005
7954.72667 14.009 0.005
7954.78187 14.003 0.005
7955.73860 14.005 0.005
7955.78225 14.018 0.005
7956.48689 14.010 0.005
7956.54446 14.018 0.005
7956.60064 14.024 0.005
7956.66826 14.008 0.005
7956.71535 14.021 0.005
7956.76596 14.045 0.005
7957.54032 14.053 0.005
7957.67491 14.038 0.005
7957.72374 14.073 0.005
7958.57154 14.045 0.005
7958.61465 14.038 0.005
7958.64686 14.007 0.005
7958.69797 14.038 0.005
7958.74994 14.049 0.005
7958.79053 14.045 0.005
7959.48956 14.054 0.005
7959.53087 14.042 0.005
7959.57959 14.034 0.005
7959.63174 14.032 0.005
7959.68067 14.036 0.005
7959.72962 14.043 0.005
7959.78099 14.062 0.005
7960.48272 14.060 0.005
7960.53036 14.043 0.005
7960.59390 14.038 0.005
7960.65038 14.046 0.005
7960.69984 14.038 0.005
7960.75421 14.038 0.005
7961.53208 14.047 0.005
7961.59564 14.026 0.005
7961.63199 14.025 0.005
7961.67645 14.023 0.005
7961.74266 14.045 0.005
7962.49571 14.033 0.005
7962.54019 14.031 0.005
7962.65350 14.039 0.005
7963.54798 14.034 0.005
7964.53380 14.038 0.005
7964.57159 14.028 0.005
7964.62249 14.026 0.005
7964.67078 14.016 0.005
7964.75106 14.015 0.005
7965.63736 14.011 0.005
7965.67273 14.017 0.005
7965.70332 14.019 0.005
7966.52527 14.002 0.005
7966.56000 14.020 0.005
7966.59939 13.998 0.005
7966.64740 14.002 0.005
7966.69580 14.007 0.005
7967.64878 14.020 0.005
7967.71622 14.009 0.005
7971.48146 13.951 0.005
7971.52265 13.953 0.005
7971.56106 13.951 0.005
7971.59845 13.939 0.005
7971.63673 13.961 0.005
7971.67441 13.941 0.005
7971.71492 13.949 0.005
7972.48184 13.891 0.005
7972.57151 13.916 0.005
7972.61464 13.924 0.005
7972.66072 13.910 0.005
7972.70464 13.930 0.005
7973.53678 13.926 0.005
7973.58870 13.942 0.005
7973.64556 13.934 0.005
7973.70333 13.930 0.005
7974.47466 13.900 0.005
7974.52948 13.921 0.005
7974.57967 13.897 0.005
7974.62945 13.893 0.005
7974.67843 13.901 0.005
7974.72764 13.908 0.005
7975.49443 13.877 0.005
7975.65769 13.865 0.005
7979.52527 13.777 0.005
7979.57552 13.773 0.005
7979.62811 13.766 0.005
7980.47649 13.724 0.005
7980.54495 13.726 0.005
7980.59484 13.718 0.005
7980.64254 13.736 0.005
7981.47722 13.701 0.005
7981.55811 13.710 0.005
7981.61567 13.688 0.005
7981.66270 13.686 0.005
7982.49038 13.664 0.005
7982.55655 13.659 0.005
7982.60522 13.655 0.005
7982.65145 13.658 0.005
7984.50540 13.585 0.005
7984.55779 13.577 0.005
7984.60575 13.579 0.005
7984.65233 13.578 0.005
7985.51969 13.540 0.005
7985.57317 13.541 0.005
7985.61929 13.541 0.005
7986.50881 13.513 0.005
7986.58121 13.513 0.005
7986.63118 13.509 0.005
7987.47657 13.467 0.005
7987.54204 13.462 0.005
7987.59402 13.468 0.005
7987.64586 13.463 0.005
7990.49293 13.341 0.005
7990.56026 13.332 0.005
7990.60964 13.333 0.005
7990.65499 13.325 0.005
7991.51198 13.296 0.005
7991.56984 13.288 0.005
7991.62752 13.285 0.005
7992.47797 13.256 0.005
7992.52809 13.253 0.005
7992.57449 13.247 0.005
7992.62982 13.243 0.005
7993.49459 13.213 0.005
7993.54386 13.201 0.005
7993.59092 13.206 0.005
7993.63752 13.202 0.005
7994.50791 13.167 0.005
7994.55559 13.163 0.005
7994.60449 13.168 0.005
7994.65135 13.159 0.005
7998.50725 13.016 0.005
7998.54570 13.005 0.005
7998.58265 13.006 0.005
7998.62467 13.002 0.005
8000.49126 12.921 0.005
8000.54284 12.921 0.005
8000.57318 12.915 0.005
8000.61810 12.910 0.005
8001.49556 12.888 0.005
8001.54339 12.889 0.005
8001.59029 12.883 0.005
8002.49737 12.859 0.005
8002.54481 12.858 0.005
8002.63336 12.844 0.005
8003.55055 12.824 0.005
8004.47893 12.799 0.005
8004.54562 12.794 0.005
8004.59304 12.792 0.005
8005.54869 12.770 0.005
8007.52984 12.721 0.005
8007.59153 12.715 0.005
8008.53392 12.692 0.005
8008.59064 12.689 0.005
8010.54833 12.648 0.005
8011.51582 12.623 0.005
8011.58579 12.620 0.005
8012.52362 12.617 0.005
8012.57125 12.605 0.005
8013.50288 12.601 0.005
8013.55934 12.589 0.005
8014.49655 12.571 0.005
8014.55260 12.577 0.005
8015.47885 12.552 0.005
8015.52794 12.552 0.005
8016.48088 12.534 0.005
8016.52753 12.532 0.005
8017.48113 12.521 0.005
8017.53724 12.529 0.005
8018.48988 12.511 0.005
8018.54753 12.505 0.005
8019.50117 12.506 0.005
8019.55916 12.507 0.005
8020.53055 12.504 0.005
8021.48474 12.489 0.005
8021.55604 12.482 0.005
8026.49785 12.459 0.005
8026.53810 12.459 0.005
8029.50967 12.455 0.005
8029.54087 12.442 0.005
8030.50196 12.465 0.005
8032.56303 12.421 0.005
8036.54017 12.378 0.005
8037.54673 12.372 0.005
8037.56479 12.364 0.005
8039.53109 12.325 0.005
8040.51410 12.298 0.005
8040.56195 12.284 0.005
8181.81486 14.191 0.005
8181.85696 14.177 0.005
8181.89638 14.169 0.005
8182.86336 14.206 0.005
8182.90967 14.200 0.005
8183.83567 14.287 0.005
8183.88378 14.221 0.005
8184.83100 14.245 0.005
8184.86919 14.250 0.005
8184.90827 14.252 0.005
8185.85154 14.319 0.005
8185.89001 14.282 0.005
8189.80708 14.355 0.005
8189.85224 14.342 0.005
8189.89866 14.333 0.005
8190.80641 14.402 0.005
8190.86339 14.408 0.005
8190.90942 14.393 0.005
8191.82479 14.415 0.005
8191.88071 14.409 0.005
8192.78442 14.456 0.005
8192.83065 14.446 0.005
8192.88809 14.464 0.005
8193.80160 14.469 0.005
8193.84889 14.490 0.005
8193.89677 14.451 0.005
8194.79539 14.473 0.005
8194.84275 14.460 0.005
8194.89836 14.449 0.005
8195.78541 14.509 0.005
8195.83101 14.486 0.005
8195.88895 14.503 0.005
8196.78512 14.502 0.005
8196.83083 14.510 0.005
8196.88686 14.515 0.005
8197.76192 14.563 0.005
8197.80153 14.549 0.005
8197.84767 14.473 0.005
8197.90256 14.518 0.005
8198.77321 14.550 0.005
8198.81913 14.532 0.005
8198.87366 14.526 0.005
8199.74825 14.575 0.005
8199.79359 14.529 0.005
8199.83960 14.546 0.005
8200.74965 14.547 0.005
8200.79973 14.600 0.005
8200.84652 14.586 0.005
8200.90157 14.546 0.005
8201.75125 14.575 0.005
8201.81115 14.553 0.005
8201.86584 14.559 0.005
8201.91181 14.585 0.005
8202.77821 14.568 0.005
8202.82371 14.572 0.005
8202.87872 14.570 0.005
8203.74916 14.603 0.005
8203.79483 14.543 0.005
8203.84057 14.538 0.005
8203.89581 14.554 0.005
8204.75745 14.629 0.005
8204.80332 14.640 0.005
8204.84874 14.605 0.005
8204.90441 14.611 0.005
8205.75866 14.634 0.005
8205.80295 14.590 0.005
8205.86228 14.601 0.005
8205.91959 14.571 0.005
8206.76899 14.670 0.005
8206.81474 14.615 0.005
8206.86015 14.587 0.005
8206.91716 14.621 0.005
8207.76498 14.677 0.005
8207.81038 14.654 0.005
8207.85689 14.632 0.005
8207.91216 14.620 0.005
8208.76145 14.561 0.005
8208.80685 14.539 0.005
8208.85261 14.580 0.005
8208.90955 14.565 0.005
8209.75825 14.609 0.005
8209.80439 14.591 0.005
8209.85032 14.588 0.005
8209.89627 14.600 0.005
8210.73750 14.665 0.005
8210.78501 14.647 0.005
8210.83122 14.621 0.005
8210.87694 14.598 0.005
8210.92371 14.576 0.005
8211.75468 14.654 0.005
8211.80057 14.644 0.005
8211.84626 14.611 0.005
8211.89324 14.593 0.005
8212.73066 14.593 0.005
8212.76966 14.592 0.005
8212.85324 14.588 0.005
8217.78563 14.566 0.005
8217.83789 14.561 0.005
8217.89037 14.571 0.005
8220.74197 14.546 0.005
8220.77439 14.536 0.005
8220.82067 14.530 0.005
8220.89324 14.506 0.005
8221.70686 14.487 0.005
8221.72442 14.486 0.005
8221.81759 14.449 0.005
8221.87301 14.492 0.005
8221.92600 14.420 0.005
8222.73116 14.463 0.005
8222.77942 14.421 0.005
8222.85426 14.402 0.005
8222.90392 14.419 0.005
8223.79261 14.380 0.005
8223.86118 14.360 0.005
8223.91363 14.336 0.005
8224.72503 14.357 0.005
8224.77147 14.350 0.005
8224.84418 14.361 0.005
8224.89451 14.362 0.005
8225.81421 14.357 0.005
8226.79701 14.292 0.005
8226.86878 14.316 0.005
8226.91809 14.328 0.005
8227.72666 14.307 0.005
8227.78614 14.309 0.005
8227.85190 14.332 0.005
8227.90068 14.290 0.005
8228.74694 14.302 0.005
8228.79662 14.273 0.005
8228.86321 14.306 0.005
8228.92100 14.259 0.005
8229.72562 14.275 0.005
8229.79102 14.244 0.005
8229.84264 14.296 0.005
8229.89123 14.237 0.005
8230.69747 14.252 0.005
8230.74575 14.259 0.005
8230.79206 14.237 0.005
8230.86417 14.233 0.005
8230.91213 14.225 0.005
8232.82717 14.176 0.005
8232.89935 14.155 0.005
8233.72595 14.144 0.005
8233.81988 14.158 0.005
8235.73668 14.065 0.005
8236.68056 14.035 0.005
8236.73044 14.043 0.005
8236.80527 14.020 0.005
8238.70913 13.982 0.005
8238.75758 13.971 0.005
8238.81210 13.979 0.005
8238.86537 13.962 0.005
8244.65440 13.767 0.005
8244.70206 13.754 0.005
8244.74850 13.764 0.005
8244.80566 13.750 0.005
8244.85509 13.749 0.005
8245.71543 13.717 0.005
8245.77131 13.704 0.005
8245.81885 13.711 0.005
8245.86736 13.712 0.005
8245.93867 13.723 0.005
8246.70828 13.701 0.005
8246.75491 13.683 0.005
8246.80605 13.689 0.005
8246.85832 13.686 0.005
8246.91232 13.670 0.005
8247.64498 13.667 0.005
8247.69246 13.663 0.005
8247.73860 13.660 0.005
8247.78723 13.654 0.005
8247.85404 13.653 0.005
8247.90004 13.648 0.005
8248.70953 13.627 0.005
8248.76121 13.621 0.005
8249.65989 13.596 0.005
8249.70621 13.601 0.005
8249.75301 13.597 0.005
8249.80126 13.587 0.005
8249.86845 13.588 0.005
8249.91533 13.585 0.005
8250.66109 13.562 0.005
8250.71400 13.558 0.005
8250.76084 13.565 0.005
8250.82804 13.554 0.005
8250.87751 13.545 0.005
8250.92378 13.540 0.005
8251.64020 13.520 0.005
8251.68631 13.529 0.005
8251.73252 13.528 0.005
8251.79753 13.525 0.005
8251.85379 13.522 0.005
8251.90004 13.520 0.005
8252.85751 13.508 0.005
8252.91012 13.499 0.005
8253.63378 13.486 0.005
8253.68155 13.478 0.005
8253.72830 13.479 0.005
8253.78242 13.481 0.005
8253.85327 13.477 0.005
8254.64494 13.453 0.005
8254.70327 13.450 0.005
8254.76050 13.448 0.005
8254.83738 13.449 0.005
8254.89586 13.449 0.005
8254.94170 13.451 0.005
8255.67148 13.423 0.005
8255.71944 13.416 0.005
8255.79009 13.426 0.005
8255.85822 13.424 0.005
8255.90485 13.419 0.005
8256.61595 13.404 0.005
8256.66823 13.401 0.005
8256.71411 13.395 0.005
8256.77289 13.406 0.005
8256.82281 13.397 0.005
8256.88697 13.399 0.005
8256.93311 13.402 0.005
8257.68049 13.377 0.005
8257.72754 13.382 0.005
8257.77667 13.377 0.005
8257.82606 13.377 0.005
8257.87525 13.378 0.005
8258.65072 13.360 0.005
8258.72420 13.354 0.005
8258.77306 13.351 0.005
8258.83365 13.358 0.005
8258.89590 13.361 0.005
8259.61860 13.337 0.005
8259.70356 13.335 0.005
8259.76202 13.332 0.005
8259.81741 13.336 0.005
8259.86830 13.336 0.005
8259.92286 13.339 0.005
8260.63314 13.322 0.005
8260.81510 13.326 0.005
8260.91538 13.319 0.005
8261.65364 13.293 0.005
8261.71151 13.299 0.005
8261.76411 13.303 0.005
8261.85523 13.297 0.005
8261.90219 13.290 0.005
8262.65985 13.283 0.005
8262.70829 13.281 0.005
8262.75711 13.290 0.005
8262.83096 13.283 0.005
8262.87818 13.281 0.005
8262.91598 13.279 0.005
8263.64540 13.268 0.005
8263.70100 13.270 0.005
8263.75470 13.270 0.005
8263.81666 13.269 0.005
8263.86843 13.273 0.005
8264.67952 13.253 0.005
8264.73129 13.257 0.005
8264.78588 13.251 0.005
8264.83539 13.250 0.005
8264.88592 13.254 0.005
8265.59094 13.236 0.005
8265.64397 13.235 0.005
8265.69633 13.239 0.005
8265.74515 13.240 0.005
8265.79971 13.242 0.005
8265.87976 13.241 0.005
8266.64153 13.215 0.005
8266.71655 13.223 0.005
8266.76875 13.222 0.005
8271.59197 13.154 0.005
8271.63543 13.151 0.005
8271.68362 13.156 0.005
8271.79522 13.159 0.005
8271.82061 13.156 0.005
8271.85671 13.157 0.005
8272.64334 13.156 0.005
8272.70102 13.146 0.005
8272.75029 13.141 0.005
8272.79942 13.150 0.005
8272.84945 13.147 0.005
8272.89960 13.147 0.005
8273.61822 13.126 0.005
8273.66569 13.132 0.005
8273.73503 13.134 0.005
8273.79115 13.134 0.005
8273.83889 13.132 0.005
8273.87421 13.131 0.005
8273.91273 13.133 0.005
8274.58653 13.114 0.005
8274.63481 13.116 0.005
8274.68375 13.114 0.005
8274.73583 13.124 0.005
8274.79561 13.119 0.005
8274.84649 13.117 0.005
8274.89492 13.126 0.005
8275.58041 13.101 0.005
8275.63915 13.103 0.005
8275.68827 13.105 0.005
8275.75406 13.105 0.005
8275.80512 13.114 0.005
8275.85928 13.111 0.005
8275.90652 13.111 0.005
8276.58771 13.080 0.005
8276.63538 13.085 0.005
8276.68499 13.094 0.005
8276.74427 13.093 0.005
8276.79458 13.096 0.005
8276.84407 13.094 0.005
8277.58037 13.075 0.005
8277.63437 13.075 0.005
8277.69681 13.079 0.005
8277.75039 13.075 0.005
8277.79917 13.081 0.005
8277.84887 13.084 0.005
8277.90179 13.087 0.005
8278.54630 13.050 0.005
8278.59353 13.054 0.005
8278.64149 13.057 0.005
8278.71306 13.045 0.005
8282.53214 12.960 0.005
8282.57861 12.954 0.005
8282.62707 12.974 0.005
8282.68608 12.980 0.005
8282.74900 12.973 0.005
8282.81071 12.971 0.005
8282.86110 12.973 0.005
8283.54477 12.936 0.005
8283.59106 12.937 0.005
8283.63762 12.936 0.005
8283.70439 12.932 0.005
8283.75826 12.930 0.005
8283.80473 12.954 0.005
8283.85347 12.922 0.005
8283.90344 12.918 0.005
8284.54498 12.918 0.005
8284.59338 12.931 0.005
8284.63951 12.917 0.005
8284.70617 12.915 0.005
8284.75843 12.915 0.005
8284.80551 12.915 0.005
8284.85421 12.905 0.005
8284.90192 12.897 0.005
8285.74047 12.896 0.005
8285.78231 12.891 0.005
8286.54373 12.881 0.005
8286.59059 12.875 0.005
8286.63850 12.884 0.005
8286.70914 12.877 0.005
8286.77453 12.875 0.005
8286.83472 12.870 0.005
8286.88255 12.867 0.005
8287.52539 12.862 0.005
8287.57829 12.865 0.005
8287.63307 12.868 0.005
8287.70062 12.861 0.005
8287.75072 12.859 0.005
8287.81287 12.854 0.005
8287.87458 12.849 0.005
8288.55436 12.840 0.005
8288.60884 12.838 0.005
8288.66530 12.841 0.005
8288.72595 12.837 0.005
8288.78619 12.842 0.005
8288.84774 12.828 0.005
8288.89317 12.822 0.005
8289.53834 12.814 0.005
8289.58562 12.819 0.005
8289.64912 12.819 0.005
8289.70895 12.823 0.005
8289.76911 12.819 0.005
8289.82669 12.808 0.005
8289.87335 12.807 0.005
8290.53123 12.795 0.005
8290.58462 12.800 0.005
8290.63292 12.792 0.005
8290.70669 12.797 0.005
8290.77552 12.789 0.005
8290.82240 12.785 0.005
8290.87084 12.782 0.005
8291.57401 12.772 0.005
8291.62779 12.778 0.005
8291.69522 12.777 0.005
8291.75380 12.767 0.005
8291.81153 12.771 0.005
8291.87227 12.763 0.005
8292.54510 12.752 0.005
8292.58551 12.752 0.005
8292.63347 12.746 0.005
8292.68947 12.751 0.005
8292.75899 12.750 0.005
8292.81852 12.748 0.005
8292.87958 12.741 0.005
8293.54092 12.728 0.005
8293.59187 12.730 0.005
8293.65682 12.728 0.005
8293.71990 12.728 0.005
8293.77007 12.724 0.005
8294.57749 12.706 0.005
8294.63287 12.706 0.005
8294.70453 12.703 0.005
8294.77135 12.711 0.005
8294.82631 12.700 0.005
8299.50947 12.635 0.005
8299.55523 12.638 0.005
8299.66606 12.633 0.005
8301.55998 12.622 0.005
8301.63450 12.622 0.005
8301.68699 12.621 0.005
8301.73847 12.624 0.005
8301.79482 12.622 0.005
8302.53978 12.624 0.005
8302.68013 12.620 0.005
8303.63219 12.613 0.005
8304.55154 12.617 0.005
8304.59061 12.615 0.005
8304.63974 12.616 0.005
8304.69790 12.620 0.005
8304.75149 12.619 0.005
8305.51424 12.613 0.005
8305.55071 12.613 0.005
8305.56666 12.610 0.005
8305.65492 12.612 0.005
8305.69717 12.621 0.005
8305.75849 12.621 0.005
8305.80858 12.619 0.005
8306.58303 12.613 0.005
8306.65331 12.617 0.005
8306.70931 12.624 0.005
8306.75654 12.620 0.005
8306.78966 12.617 0.005
8306.83387 12.619 0.005
8307.46287 12.620 0.005
8307.53151 12.625 0.005
8307.58871 12.622 0.005
8307.63821 12.624 0.005
8307.69825 12.635 0.005
8307.74502 12.641 0.005
8307.80175 12.621 0.005
8308.46451 12.613 0.005
8308.51233 12.616 0.005
8308.55936 12.624 0.005
8308.60653 12.630 0.005
8308.66453 12.629 0.005
8308.72147 12.622 0.005
8308.76967 12.619 0.005
8308.81474 12.618 0.005
8309.46240 12.618 0.005
8309.53413 12.634 0.005
8309.59154 12.618 0.005
8309.65200 12.625 0.005
8309.69990 12.654 0.005
8309.74777 12.632 0.005
8309.79455 12.628 0.005
8310.49899 12.621 0.005
8310.54345 12.618 0.005
8310.57429 12.627 0.005
8310.61166 12.628 0.005
8310.65249 12.626 0.005
8310.68712 12.630 0.005
8310.72104 12.623 0.005
8310.77431 12.627 0.005
8311.49688 12.615 0.005
8311.54650 12.619 0.005
8311.59351 12.626 0.005
8311.65156 12.624 0.005
8311.70995 12.633 0.005
8311.75640 12.636 0.005
8311.80265 12.622 0.005
8312.46368 12.614 0.005
8312.51294 12.618 0.005
8312.56099 12.618 0.005
8312.61161 12.640 0.005
8312.67462 12.639 0.005
8312.74337 12.635 0.005
8312.79488 12.624 0.005
8313.46393 12.609 0.005
8313.51366 12.619 0.005
8313.56337 12.638 0.005
8313.61453 12.635 0.005
8313.66860 12.638 0.005
8313.71629 12.637 0.005
8313.76303 12.630 0.005
8313.80942 12.624 0.005
8314.48096 12.605 0.005
8314.52939 12.610 0.005
8314.57717 12.610 0.005
8314.63495 12.616 0.005
8314.69206 12.632 0.005
8314.73868 12.617 0.005
8314.78485 12.609 0.005
8316.46383 12.591 0.005
8316.51264 12.599 0.005
8316.56000 12.593 0.005
8316.60931 12.594 0.005
8316.66080 12.599 0.005
8316.72716 12.596 0.005
8320.46565 12.545 0.005
8320.51557 12.556 0.005
8320.56235 12.551 0.005
8320.62994 12.565 0.005
8320.67966 12.574 0.005
8320.72569 12.559 0.005
8320.77227 12.565 0.005
8321.50228 12.547 0.005
8321.54864 12.550 0.005
8321.77804 12.548 0.005
8328.49758 12.469 0.005
8328.54675 12.480 0.005
8328.59477 12.478 0.005
8328.64333 12.472 0.005
8328.69244 12.478 0.005
8328.73839 12.478 0.005
8329.46632 12.472 0.005
8329.52177 12.470 0.005
8329.56869 12.480 0.005
8329.61778 12.470 0.005
8329.66489 12.485 0.005
8329.71104 12.505 0.005
8329.75701 12.477 0.005
8330.48974 12.466 0.005
8330.53787 12.468 0.005
8330.59660 12.459 0.005
8331.48384 12.463 0.005
8331.54004 12.493 0.005
8331.59921 12.467 0.005
8331.64781 12.474 0.005
8331.69379 12.469 0.005
8332.50048 12.465 0.005
8332.55694 12.466 0.005
8332.61767 12.472 0.005
8332.66487 12.470 0.005
8333.50624 12.469 0.005
8333.56315 12.475 0.005
8333.62385 12.481 0.005
8333.67181 12.477 0.005
8334.50841 12.474 0.005
8334.56567 12.465 0.005
8334.62499 12.485 0.005
8334.67248 12.469 0.005
8335.53637 12.469 0.005
8335.59526 12.463 0.005
8335.70390 12.464 0.005
8336.48733 12.461 0.005
8336.55018 12.481 0.005
8336.61278 12.477 0.005
8336.66195 12.487 0.005
8338.47033 12.454 0.005
8338.52085 12.449 0.005
8338.57159 12.454 0.005
8338.63026 12.461 0.005
8338.73655 12.458 0.005
8339.50251 12.481 0.005
8339.56758 12.482 0.005
8339.62661 12.481 0.005
8339.73890 12.452 0.005
8340.50847 12.469 0.005
8340.61193 12.476 0.005
8340.66855 12.482 0.005
8341.49534 12.472 0.005
8341.54197 12.483 0.005
8341.60171 12.482 0.005
8341.71839 12.477 0.005
8342.49034 12.462 0.005
8342.56924 12.470 0.005
8342.61882 12.468 0.005
8343.50823 12.464 0.005
8344.47225 12.467 0.005
8344.52007 12.475 0.005
8344.58449 12.474 0.005
8344.63477 12.477 0.005
8344.72940 12.474 0.005
8345.51998 12.479 0.005
8345.56932 12.478 0.005
8345.63337 12.491 0.005
8345.71841 12.480 0.005
8346.51631 12.486 0.005
8346.58437 12.489 0.005
8346.64392 12.489 0.005
8347.47339 12.478 0.005
8347.52193 12.492 0.005
8347.58443 12.498 0.005
8347.68668 12.491 0.005
8348.47390 12.497 0.005
8348.54889 12.496 0.005
8348.60862 12.504 0.005
8349.50473 12.498 0.005
8349.56678 12.508 0.005
8349.60645 12.510 0.005
8353.49099 12.529 0.005
8353.54485 12.536 0.005
8353.59465 12.536 0.005
8353.65373 12.538 0.005
8355.50627 12.551 0.005
8355.55862 12.563 0.005
8355.65707 12.565 0.005
8356.47545 12.564 0.005
8356.53628 12.569 0.005
8356.65635 12.587 0.005
8357.51752 12.578 0.005
8357.65443 12.595 0.005
8358.48353 12.587 0.005
8358.53168 12.594 0.005
8358.62540 12.599 0.005
8358.67746 12.591 0.005
8359.49625 12.599 0.005
8359.54744 12.613 0.005
8359.64599 12.603 0.005
8360.54296 12.621 0.005
8360.58973 12.620 0.005
8360.64140 12.617 0.005
8361.47766 12.626 0.005
8363.48864 12.658 0.005
8363.55072 12.661 0.005
8363.64747 12.656 0.005
8364.47968 12.671 0.005
8364.55055 12.682 0.005
8364.59692 12.681 0.005
8364.67048 12.672 0.005
8366.51092 12.697 0.005
8366.58205 12.700 0.005
8367.48105 12.716 0.005
8367.53484 12.718 0.005
8367.63961 12.714 0.005
8368.47376 12.740 0.005
8368.54526 12.749 0.005
8368.63601 12.742 0.005
8369.47762 12.746 0.005
8369.53853 12.750 0.005
8369.62275 12.752 0.005
8370.48598 12.764 0.005
8370.60149 12.775 0.005
8370.64977 12.758 0.005
8371.49553 12.791 0.005
8371.56806 12.784 0.005
8371.65010 12.774 0.005
8372.51369 12.793 0.005
8372.61454 12.794 0.005
8372.64469 12.791 0.005
8373.47738 12.812 0.005
8373.53367 12.815 0.005
8375.47972 12.847 0.005
8375.54838 12.848 0.005
8375.59722 12.846 0.005
8376.51195 12.862 0.005
8376.57723 12.860 0.005
8381.48371 12.972 0.005
8381.52967 12.947 0.005
8382.48118 13.005 0.005
8382.53020 13.016 0.005
8382.57927 13.010 0.005
8383.49731 13.016 0.005
8383.54278 13.019 0.005
8383.59032 13.012 0.005
8384.48410 13.030 0.005
8384.54433 13.035 0.005
8384.59053 13.036 0.005
8385.51768 13.083 0.005
8385.56453 13.096 0.005
8385.61190 13.074 0.005
8386.49692 13.102 0.005
8387.48299 13.116 0.005
8390.48751 13.176 0.005
8392.48794 13.213 0.005
8392.55874 13.223 0.005
8393.48364 13.224 0.005
8393.53113 13.229 0.005
8393.57708 13.232 0.005
8394.48373 13.251 0.005
8394.55091 13.258 0.005
8394.59656 13.265 0.005
8394.60550 13.263 0.005
8397.52496 13.320 0.005
8398.49876 13.327 0.005
8398.55973 13.335 0.005
8399.51625 13.341 0.005
8401.53128 13.402 0.005
8409.53828 13.531 0.005
8410.52865 13.549 0.005
8411.53236 13.555 0.005
8412.51721 13.547 0.005
8413.52584 13.580 0.005
8414.52401 13.579 0.005
8415.49306 13.602 0.005
8418.49510 13.652 0.005
8419.49352 13.667 0.005
8517.87839 11.803 0.005
8519.87407 11.781 0.005
8521.86660 11.764 0.005
8522.86087 11.745 0.005
8522.89122 11.739 0.005
8523.86669 11.733 0.005
8523.89323 11.737 0.005
8524.88222 11.713 0.005
8526.85598 11.687 0.005
8526.88936 11.669 0.005
8528.87170 11.669 0.005
8530.87975 11.664 0.005
8531.88484 11.630 0.005
8532.88575 11.622 0.005
8534.85427 11.638 0.005
8534.89354 11.643 0.005
8535.87513 11.622 0.005
8536.86030 11.645 0.005
8537.84782 11.614 0.005
8538.86158 11.624 0.005
8539.85830 11.611 0.005
8539.89856 11.612 0.005
8540.87159 11.625 0.005
8544.82097 11.582 0.005
8544.83160 11.606 0.005
8544.86902 11.618 0.005
8546.83580 11.611 0.005
8546.87643 11.613 0.005
8547.83392 11.624 0.005
8547.88406 11.638 0.005
8548.83235 11.636 0.005
8548.88642 11.596 0.005
8549.82440 11.631 0.005
8549.86451 11.638 0.005
8550.83615 11.644 0.005
8550.87565 11.643 0.005
8551.83376 11.639 0.005
8551.87308 11.644 0.005
8552.83990 11.642 0.005
8552.89281 11.637 0.005
8553.81427 11.649 0.005
8553.86076 11.663 0.005
8554.78634 11.666 0.005
8554.83466 11.674 0.005
8554.87453 11.680 0.005
8555.78299 11.703 0.005
8555.83391 11.696 0.005
8555.88151 11.701 0.005
8556.79244 11.703 0.005
8556.83248 11.708 0.005
8556.87258 11.712 0.005
8557.77919 11.696 0.005
8557.83691 11.723 0.005
8557.87685 11.728 0.005
8558.77566 11.730 0.005
8558.82835 11.736 0.005
8558.86793 11.741 0.005
8558.90958 11.741 0.005
8559.81055 11.752 0.005
8559.85073 11.754 0.005
8559.89100 11.762 0.005
8560.79201 11.767 0.005
8560.83620 11.785 0.005
8560.87559 11.788 0.005
8561.76794 11.784 0.005
8561.81554 11.782 0.005
8561.85823 11.792 0.005
8562.76086 11.788 0.005
8562.80183 11.792 0.005
8562.84254 11.793 0.005
8562.89755 11.782 0.005
8563.77873 11.807 0.005
8563.82737 11.831 0.005
8563.87534 11.822 0.005
8563.91514 11.849 0.005
8564.80031 11.841 0.005
8564.85027 11.849 0.005
8564.89063 11.844 0.005
8565.77973 11.858 0.005
8565.83510 11.866 0.005
8565.87939 11.880 0.005
8566.77232 11.888 0.005
8566.82084 11.888 0.005
8566.86211 11.902 0.005
8573.88112 11.964 0.005
8573.92173 11.958 0.005
8574.75237 11.954 0.005
8574.86993 11.967 0.005
8574.91206 11.962 0.005
8575.75310 11.975 0.005
8575.79242 11.982 0.005
8575.83911 11.977 0.005
8575.87828 11.996 0.005
8575.91906 12.015 0.005
8576.80270 11.988 0.005
8576.84142 11.998 0.005
8576.88053 11.992 0.005
8577.71508 12.000 0.005
8577.79709 12.014 0.005
8577.84161 12.007 0.005
8577.91174 12.006 0.005
8578.73564 12.021 0.005
8578.77478 12.033 0.005
8578.82267 12.037 0.005
8578.87967 12.031 0.005
8578.92251 12.030 0.005
8579.74961 12.046 0.005
8579.78746 12.039 0.005
8579.82487 12.040 0.005
8579.88645 12.045 0.005
8580.71264 12.053 0.005
8580.74826 12.050 0.005
8580.79319 12.063 0.005
8580.84072 12.059 0.005
8580.88983 12.087 0.005
8581.71422 12.072 0.005
8581.76738 12.087 0.005
8581.81422 12.093 0.005
8581.82208 12.108 0.005
8581.86913 12.075 0.005
8582.70601 12.079 0.005
8582.75344 12.076 0.005
8582.80446 12.084 0.005
8582.86161 12.078 0.005
8582.92525 12.122 0.005
8583.72878 12.100 0.005
8583.78396 12.095 0.005
8583.83379 12.110 0.005
8583.89927 12.126 0.005
8584.73182 12.116 0.005
8584.77927 12.122 0.005
8584.83446 12.128 0.005
8585.69766 12.130 0.005
8585.73502 12.123 0.005
8585.78302 12.133 0.005
8585.84322 12.162 0.005
8585.90772 12.175 0.005
8586.70252 12.137 0.005
8586.76321 12.161 0.005
8586.80893 12.161 0.005
8586.87874 12.149 0.005
8587.69011 12.143 0.005
8587.72811 12.144 0.005
8587.77571 12.152 0.005
8587.83724 12.157 0.005
8587.91640 12.187 0.005
8588.71751 12.175 0.005
8588.78179 12.200 0.005
8588.82956 12.213 0.005
8588.90090 12.207 0.005
8589.70197 12.208 0.005
8589.74532 12.200 0.005
8589.79159 12.204 0.005
8589.87100 12.200 0.005
8589.92217 12.239 0.005
8590.71584 12.210 0.005
8590.77263 12.237 0.005
8590.81944 12.236 0.005
8590.88870 12.250 0.005
8591.71023 12.233 0.005
8591.75453 12.222 0.005
8591.80724 12.254 0.005
8591.88477 12.262 0.005
8592.79197 12.230 0.005
8592.83581 12.235 0.005
8592.88653 12.259 0.005
8593.72020 12.249 0.005
8593.79495 12.257 0.005
8593.87375 12.279 0.005
8593.92877 12.253 0.005
8594.71262 12.274 0.005
8594.76122 12.273 0.005
8594.81152 12.279 0.005
8594.87595 12.284 0.005
8594.92862 12.291 0.005
8599.70192 12.345 0.005
8599.74214 12.352 0.005
8599.78559 12.352 0.005
8599.82796 12.360 0.005
8599.89415 12.390 0.005
8599.93175 12.371 0.005
8600.68668 12.371 0.005
8600.72976 12.387 0.005
8600.79053 12.393 0.005
8600.85669 12.411 0.005
8600.90479 12.410 0.005
8601.66676 12.405 0.005
8601.71054 12.413 0.005
8601.76624 12.425 0.005
8601.84426 12.428 0.005
8601.92026 12.448 0.005
8602.67858 12.427 0.005
8602.71879 12.455 0.005
8602.76765 12.449 0.005
8602.82947 12.435 0.005
8602.90289 12.448 0.005
8603.66104 12.433 0.005
8603.70040 12.444 0.005
8603.75675 12.461 0.005
8603.81786 12.480 0.005
8603.87534 12.468 0.005
8603.92397 12.454 0.005
8604.74000 12.461 0.005
8604.79122 12.463 0.005
8604.84923 12.470 0.005
8604.90870 12.464 0.005
8605.66492 12.473 0.005
8605.71633 12.490 0.005
8605.76654 12.490 0.005
8605.84193 12.498 0.005
8605.89944 12.503 0.005
8606.66574 12.496 0.005
8606.70475 12.516 0.005
8606.75687 12.527 0.005
8606.82201 12.545 0.005
8606.87425 12.543 0.005
8606.93356 12.536 0.005
8607.68144 12.528 0.005
8607.72700 12.534 0.005
8607.78850 12.549 0.005
8607.83679 12.543 0.005
8607.88216 12.549 0.005
8607.92958 12.535 0.005
8608.67441 12.549 0.005
8608.78032 12.565 0.005
8608.84607 12.581 0.005
8608.89447 12.572 0.005
8609.66018 12.573 0.005
8612.74392 12.647 0.005
8612.79228 12.645 0.005
8612.85330 12.647 0.005
8612.90022 12.650 0.005
8613.63322 12.658 0.005
8613.67474 12.664 0.005
8613.72119 12.666 0.005
8613.78093 12.690 0.005
8613.84232 12.691 0.005
8613.88912 12.681 0.005
8613.93517 12.680 0.005
8614.66722 12.687 0.005
8614.70995 12.692 0.005
8614.75724 12.695 0.005
8614.82576 12.704 0.005
8614.88383 12.696 0.005
8614.92947 12.694 0.005
8615.70480 12.714 0.005
8615.75349 12.721 0.005
8615.81041 12.726 0.005
8615.87428 12.722 0.005
8615.93028 12.722 0.005
8616.66084 12.737 0.005
8616.71032 12.755 0.005
8616.76778 12.758 0.005
8616.82646 12.776 0.005
8616.87416 12.753 0.005
8616.93194 12.747 0.005
8617.66346 12.759 0.005
8617.70674 12.771 0.005
8617.75347 12.771 0.005
8617.81752 12.773 0.005
8617.90339 12.775 0.005
8618.62410 12.773 0.005
8618.66961 12.779 0.005
8618.71978 12.784 0.005
8618.77855 12.792 0.005
8618.84053 12.794 0.005
8618.88712 12.788 0.005
8619.62794 12.801 0.005
8619.66587 12.805 0.005
8619.71291 12.802 0.005
8619.75878 12.804 0.005
8619.84541 12.807 0.005
8619.90895 12.806 0.005
8620.63706 12.824 0.005
8620.67806 12.826 0.005
8620.72450 12.832 0.005
8620.79068 12.831 0.005
8620.86576 12.832 0.005
8620.91162 12.829 0.005
8621.68716 12.847 0.005
8621.78358 12.850 0.005
8621.83281 12.853 0.005
8621.87963 12.856 0.005
8621.92607 12.849 0.005
8626.62856 12.980 0.005
8626.66563 12.981 0.005
8626.70348 12.984 0.005
8626.74145 12.983 0.005
8626.78880 12.993 0.005
8626.83124 12.985 0.005
8626.86843 12.988 0.005
8626.90642 12.991 0.005
8627.59951 13.002 0.005
8627.65771 13.003 0.005
8627.70800 13.015 0.005
8635.65307 13.201 0.005
8635.69344 13.206 0.005
8635.74861 13.202 0.005
8635.81081 13.200 0.005
8635.85642 13.205 0.005
8635.90200 13.202 0.005
8636.56509 13.218 0.005
8636.60462 13.215 0.005
8636.65324 13.213 0.005
8636.70794 13.221 0.005
8636.76389 13.216 0.005
8636.81369 13.234 0.005
8636.85904 13.224 0.005
8636.90640 13.233 0.005
8637.56440 13.244 0.005
8637.61222 13.242 0.005
8637.65791 13.243 0.005
8637.71275 13.246 0.005
8637.77481 13.248 0.005
8637.82166 13.253 0.005
8637.86742 13.258 0.005
8637.91225 13.254 0.005
8638.64174 13.264 0.005
8638.69276 13.274 0.005
8638.80783 13.279 0.005
8638.85416 13.266 0.005
8638.90188 13.278 0.005
8639.66510 13.285 0.005
8639.71185 13.288 0.005
8639.82022 13.292 0.005
8640.55990 13.304 0.005
8640.59899 13.301 0.005
8640.64446 13.304 0.005
8640.70137 13.308 0.005
8640.76600 13.311 0.005
8640.81448 13.310 0.005
8640.86142 13.315 0.005
8640.90268 13.315 0.005
8641.60561 13.325 0.005
8641.66470 13.333 0.005
8641.73136 13.340 0.005
8642.63733 13.344 0.005
8642.80257 13.353 0.005
8642.85155 13.357 0.005
8642.89841 13.356 0.005
8643.56557 13.379 0.005
8643.61846 13.379 0.005
8643.67415 13.376 0.005
8643.73082 13.379 0.005
8643.78363 13.386 0.005
8643.83078 13.382 0.005
8643.87669 13.380 0.005
8644.54248 13.401 0.005
8644.58436 13.392 0.005
8644.62982 13.397 0.005
8644.68592 13.407 0.005
8644.74685 13.403 0.005
8644.79569 13.414 0.005
8644.84293 13.419 0.005
8644.88856 13.402 0.005
8645.63913 13.433 0.005
8645.67873 13.429 0.005
8646.60663 13.449 0.005
8646.65254 13.457 0.005
8646.69942 13.451 0.005
8646.74892 13.457 0.005
8646.78953 13.453 0.005
8646.83476 13.463 0.005
8646.88238 13.461 0.005
8647.61736 13.475 0.005
8647.66051 13.474 0.005
8647.70825 13.475 0.005
8647.76607 13.480 0.005
8647.81781 13.481 0.005
8647.84837 13.472 0.005
8648.61820 13.492 0.005
8648.66175 13.504 0.005
8648.71113 13.500 0.005
8648.76751 13.503 0.005
8648.81583 13.502 0.005
8648.86219 13.511 0.005
8648.90251 13.509 0.005
8649.66873 13.518 0.005
8654.52066 13.605 0.005
8655.53876 13.643 0.005
8655.69743 13.626 0.005
8655.76470 13.625 0.005
8655.85349 13.631 0.005
8656.62747 13.644 0.005
8656.67483 13.649 0.005
8656.73270 13.643 0.005
8656.79675 13.643 0.005
8656.85027 13.648 0.005
8656.88156 13.656 0.005
8657.59091 13.653 0.005
8657.63704 13.646 0.005
8657.68349 13.640 0.005
8657.73998 13.644 0.005
8657.78946 13.673 0.005
8657.83609 13.657 0.005
8657.88229 13.667 0.005
8658.56602 13.676 0.005
8660.53459 13.708 0.005
8660.66068 13.707 0.005
8660.80284 13.709 0.005
8661.54107 13.727 0.005
8661.67087 13.721 0.005
8662.58775 13.716 0.005
8662.78668 13.735 0.005
8664.56806 13.757 0.005
8664.69490 13.755 0.005
8665.52984 13.760 0.005
8666.50979 13.786 0.005
8666.59679 13.795 0.005
8666.73104 13.772 0.005
8667.52483 13.796 0.005
8667.62598 13.779 0.005
8667.75760 13.780 0.005
8668.47246 13.809 0.005
8668.60455 13.803 0.005
8668.75618 13.793 0.005
8669.48171 13.822 0.005
8669.57331 13.834 0.005
8669.72426 13.808 0.005
8670.52557 13.822 0.005
8670.67161 13.807 0.005
8670.80122 13.811 0.005
8673.57438 13.836 0.005
8673.66470 13.830 0.005
8674.59672 13.833 0.005
8674.73565 13.825 0.005
8675.61322 13.822 0.005
8675.81687 13.832 0.005
8676.48088 13.835 0.005
8676.55824 13.824 0.005
8676.73139 13.835 0.005
8676.80764 13.831 0.005
8681.48630 13.802 0.005
8681.56289 13.787 0.005
8681.64415 13.786 0.005
8682.48045 13.800 0.005
8682.55751 13.783 0.005
8682.77077 13.799 0.005
8683.48149 13.800 0.005
8683.56646 13.781 0.005
8683.74203 13.782 0.005
8684.48831 13.781 0.005
8684.56781 13.769 0.005
8684.72340 13.768 0.005
8685.49217 13.752 0.005
8685.63682 13.747 0.005
8685.71956 13.758 0.005
8688.54607 13.708 0.005
8688.64245 13.707 0.005
8689.49334 13.674 0.005
8689.57896 13.695 0.005
8689.69059 13.704 0.005
8690.48187 13.677 0.005
8690.57585 13.675 0.005
8690.71716 13.683 0.005
8691.47970 13.660 0.005
8691.55582 13.669 0.005
8691.74347 13.647 0.005
8692.48188 13.636 0.005
8692.56745 13.636 0.005
8692.68191 13.629 0.005
8693.48079 13.604 0.005
8693.61574 13.605 0.005
8693.76372 13.617 0.005
8694.48447 13.585 0.005
8694.56337 13.594 0.005
8694.64304 13.581 0.005
8695.48437 13.559 0.005
8695.72013 13.563 0.005
8695.77026 13.565 0.005
8697.55281 13.485 0.005
8698.48391 13.464 0.005
8698.71398 13.460 0.005
8698.76010 13.461 0.005
8699.48689 13.439 0.005
8699.71307 13.436 0.005
8699.75792 13.429 0.005
8700.48596 13.392 0.005
8700.72374 13.390 0.005
8701.48657 13.361 0.005
8701.64322 13.368 0.005
8702.48626 13.327 0.005
8702.60014 13.329 0.005
8702.75218 13.327 0.005
8703.48698 13.295 0.005
8704.54349 13.245 0.005
8704.67566 13.256 0.005
8708.59356 13.113 0.005
8709.54632 13.060 0.005
8710.48733 13.010 0.005
8711.48540 12.968 0.005
8711.59821 12.965 0.005
8712.50207 12.913 0.005
8712.61993 12.905 0.005
8713.48658 12.875 0.005
8713.61257 12.870 0.005
8714.48870 12.835 0.005
8714.62669 12.837 0.005
8715.50426 12.798 0.005
8715.64400 12.800 0.005
8716.50209 12.774 0.005
8717.48754 12.721 0.005
8717.62448 12.718 0.005
8718.50277 12.702 0.005
8718.63919 12.692 0.005
8719.48474 12.655 0.005
8719.57583 12.658 0.005
8719.68459 12.642 0.005
8721.49464 12.604 0.005
8721.68197 12.596 0.005
8722.48933 12.578 0.005
8722.69084 12.562 0.005
8723.59507 12.550 0.005
8723.63528 12.549 0.005
8724.49868 12.530 0.005
8724.63573 12.525 0.005
8725.50253 12.506 0.005
8725.58878 12.497 0.005
8726.57673 12.481 0.005
8726.62972 12.487 0.005
8727.52724 12.456 0.005
8727.61095 12.452 0.005
8728.59221 12.437 0.005
8728.63153 12.438 0.005
8729.49264 12.416 0.005
8729.63026 12.409 0.005
8730.57735 12.385 0.005
8730.61714 12.386 0.005
8731.52446 12.369 0.005
8731.59280 12.371 0.005
8736.60407 12.267 0.005
8737.61558 12.245 0.005
8738.58458 12.236 0.005
8739.49870 12.216 0.005
8740.54253 12.201 0.005
8741.59644 12.181 0.005
8742.59500 12.176 0.005
8746.58213 12.114 0.005
8747.53927 12.092 0.005
8748.58218 12.090 0.005
8750.58076 12.066 0.005
8752.58253 12.010 0.005
8753.59788 12.004 0.005
8754.58116 11.989 0.005
8755.58398 11.989 0.005
8757.57161 11.935 0.005
8759.58843 11.897 0.005
8762.49164 11.844 0.005
8763.55686 11.819 0.005
8766.57959 11.780 0.005
8768.57081 11.770 0.005
8783.51337 11.740 0.005
